[
{
  "model": "auth.user",
  "fields": {
    "password": "pbkdf2_sha256$150000$7jRY5WrAQShM$z6TlHkZAf2Zeu7324VGhoOLLREBAYYd4syVEvmYyxgk=",
    "last_login": "2020-02-02T07:45:28.093Z",
    "is_superuser": true,
    "username": "admin",
    "first_name": "",
    "last_name": "",
    "email": "",
    "is_staff": true,
    "is_active": true,
    "date_joined": "2019-12-26T04:51:41.964Z",
    "groups": [],
    "user_permissions": []
  }
},
{
  "model": "auth.user",
  "fields": {
    "password": "pbkdf2_sha256$150000$eesaeDTnqwCi$Cy5LNtDyodHzbwR7qAx3dGh/KutXwgk8fenfrnIWULo=",
    "last_login": "2020-02-03T09:20:36.794Z",
    "is_superuser": false,
    "username": "student-1",
    "first_name": "\u0410\u0439\u0436\u0430\u043d",
    "last_name": "\u0422\u044e\u043b\u0435\u043c\u0431\u0430\u0435\u0432\u0430",
    "email": "aujan@mail.ru",
    "is_staff": false,
    "is_active": true,
    "date_joined": "2020-01-24T04:56:38.850Z",
    "groups": [],
    "user_permissions": []
  }
},
{
  "model": "auth.user",
  "fields": {
    "password": "pbkdf2_sha256$150000$uOItBVJdi6JR$B9Dl/YhLmnAL+hLJkReFDHBd5RMpNEiamXQECCCIJG0=",
    "last_login": "2020-01-24T05:00:32.417Z",
    "is_superuser": false,
    "username": "student-2",
    "first_name": "\u0411\u0430\u043a\u044b\u0442",
    "last_name": "\u0422\u0443\u0448\u0430\u0435\u0432",
    "email": "bak@mail.ru",
    "is_staff": false,
    "is_active": true,
    "date_joined": "2020-01-24T05:00:32.101Z",
    "groups": [],
    "user_permissions": []
  }
},
{
  "model": "auth.user",
  "fields": {
    "password": "pbkdf2_sha256$150000$mlGEc4sqtb1Q$jfmN5SfCDj01lJpWkt5oEvwDyh37SyGCqnvP7O918RI=",
    "last_login": "2020-01-31T14:49:37.909Z",
    "is_superuser": false,
    "username": "student-3",
    "first_name": "\u041c\u044d\u044d\u0440\u0438\u043c",
    "last_name": "\u041c\u0443\u0440\u0430\u0442\u0430\u043b\u0438\u0435\u0432\u0430",
    "email": "ai@mail.ru",
    "is_staff": false,
    "is_active": true,
    "date_joined": "2020-01-24T05:50:14.746Z",
    "groups": [],
    "user_permissions": []
  }
},
{
  "model": "auth.user",
  "fields": {
    "password": "pbkdf2_sha256$150000$VX9S8n08p4nl$bhgrsoQqSf9jyqnIY2WkmOPcSHTyhzyXBVF6Ds3j8QQ=",
    "last_login": "2020-01-24T09:47:54.972Z",
    "is_superuser": false,
    "username": "student-4",
    "first_name": "\u0410\u0439\u0434\u0430\u0439",
    "last_name": "\u0418\u0441\u0430\u0435\u0432\u0430",
    "email": "aidai@mail.ru",
    "is_staff": false,
    "is_active": true,
    "date_joined": "2020-01-24T09:47:54.645Z",
    "groups": [],
    "user_permissions": []
  }
},
{
  "model": "auth.user",
  "fields": {
    "password": "pbkdf2_sha256$150000$buNvkvbKjodF$BCZT8/wK+Rvz8r8MVdTCTJhScwrkTn5nkl1YAhOWetM=",
    "last_login": "2020-01-24T10:16:07.556Z",
    "is_superuser": false,
    "username": "student-5",
    "first_name": "\u041c\u0430\u0440\u0438\u043d\u0430",
    "last_name": "\u041b\u043e\u0436\u043a\u0438\u043d\u0430",
    "email": "mar.loj@mail.ru",
    "is_staff": false,
    "is_active": true,
    "date_joined": "2020-01-24T10:16:07.235Z",
    "groups": [],
    "user_permissions": []
  }
},
{
  "model": "auth.user",
  "fields": {
    "password": "pbkdf2_sha256$150000$V6TcirUcusE4$Dc7+QiCXMU7+i+ibRfknO3YaXoHfPJgVUTsqLmCtHZo=",
    "last_login": "2020-01-24T10:20:30.211Z",
    "is_superuser": false,
    "username": "student-6",
    "first_name": "\u0415\u043b\u0435\u043d\u0430",
    "last_name": "\u0412\u043e\u0440\u043e\u043d\u0446\u043e\u0432\u0430",
    "email": "vor.el@mail.ru",
    "is_staff": false,
    "is_active": true,
    "date_joined": "2020-01-24T10:20:29.820Z",
    "groups": [],
    "user_permissions": []
  }
},
{
  "model": "auth.user",
  "fields": {
    "password": "pbkdf2_sha256$150000$a36Lfx1UOttf$E4G7vLHdKJS2a1GRHQklr7N4uvw4BMmhyO9xSliu9NM=",
    "last_login": "2020-01-24T10:24:48.228Z",
    "is_superuser": false,
    "username": "student-7",
    "first_name": "\u0410\u043b\u0438\u043d\u0430",
    "last_name": "\u041b\u0438\u0441\u0438\u0447\u043a\u0438\u043d\u0430",
    "email": "alina.lis@mail.ru",
    "is_staff": false,
    "is_active": true,
    "date_joined": "2020-01-24T10:24:47.909Z",
    "groups": [],
    "user_permissions": []
  }
},
{
  "model": "auth.user",
  "fields": {
    "password": "pbkdf2_sha256$150000$vVbxx54mvndJ$hj2T/2MifAqVQZK3BVv3i8EPNAC8aWWm1YHfHP+k6HA=",
    "last_login": "2020-01-24T10:28:43.038Z",
    "is_superuser": false,
    "username": "student-8",
    "first_name": "\u0412\u0438\u043a\u0442\u043e\u0440",
    "last_name": "\u0414\u043e\u0440\u043e\u043d\u0438\u043d",
    "email": "dor.viktor@mail.ru",
    "is_staff": false,
    "is_active": true,
    "date_joined": "2020-01-24T10:28:42.700Z",
    "groups": [],
    "user_permissions": []
  }
},
{
  "model": "auth.user",
  "fields": {
    "password": "pbkdf2_sha256$150000$H2tul7H1vXfu$VvW6GC/tBNL25wE/LxsUVL+DG5fZzqzHIc3pce6rFgc=",
    "last_login": "2020-01-24T10:32:43.141Z",
    "is_superuser": false,
    "username": "student-9",
    "first_name": "\u0411\u0435\u0440\u043c\u0435\u0442",
    "last_name": "\u0411\u043e\u0440\u0443\u0431\u0430\u0435\u0432\u0430",
    "email": "bermet.bor@mail.ru",
    "is_staff": false,
    "is_active": true,
    "date_joined": "2020-01-24T10:32:42.810Z",
    "groups": [],
    "user_permissions": []
  }
},
{
  "model": "auth.user",
  "fields": {
    "password": "pbkdf2_sha256$150000$CYNhsF6NIaEM$kMEzXdJQ4uOUNkaSjhfB90uOiiI+ApDrlHDvbrIsIpQ=",
    "last_login": "2020-02-03T08:56:21.968Z",
    "is_superuser": false,
    "username": "student-10",
    "first_name": "\u0412\u0438\u043a\u0442\u043e\u0440",
    "last_name": "\u041d\u0435\u043a\u0438\u0444\u043e\u0440\u043e\u0432",
    "email": "neck@mail.ru",
    "is_staff": false,
    "is_active": true,
    "date_joined": "2020-01-26T08:29:41.072Z",
    "groups": [],
    "user_permissions": []
  }
},
{
  "model": "auth.user",
  "fields": {
    "password": "pbkdf2_sha256$150000$iN1X5LE3tAAH$WXv+IMfqfOwIAI9KuwDVFX5FagfFslqjgl6bd+qWBuE=",
    "last_login": "2020-01-27T05:33:35.876Z",
    "is_superuser": false,
    "username": "student-11",
    "first_name": "\u041c\u0430\u043a\u0441\u0430\u0442\u0431\u0435\u043a",
    "last_name": "\u0416\u043e\u0440\u043e\u043a\u0443\u043b\u043e\u0432",
    "email": "abdi@mail.ru",
    "is_staff": false,
    "is_active": true,
    "date_joined": "2020-01-27T05:33:35.537Z",
    "groups": [],
    "user_permissions": []
  }
},
{
  "model": "auth.user",
  "fields": {
    "password": "pbkdf2_sha256$150000$n998eTgUTUAf$p+UPCRRgp1n0NNZnRfR0Ftnm8uVH3ILauRj/ogFF3f4=",
    "last_login": "2020-01-27T05:46:13.628Z",
    "is_superuser": false,
    "username": "student-12",
    "first_name": "\u041d\u0443\u0440\u0434\u0438\u043d",
    "last_name": "\u0410\u043b\u0438\u0448\u0435\u0440\u043e\u0432",
    "email": "nur_al@mail.ru",
    "is_staff": false,
    "is_active": true,
    "date_joined": "2020-01-27T05:46:13.306Z",
    "groups": [],
    "user_permissions": []
  }
},
{
  "model": "auth.user",
  "fields": {
    "password": "pbkdf2_sha256$150000$VQg00XG4Uxl1$dqm/ev9R3azXJWeFASTKAHna6eTbgWkDaeWTV94uu0M=",
    "last_login": "2020-01-27T05:50:01.811Z",
    "is_superuser": false,
    "username": "student-13",
    "first_name": "\u0421\u0443\u043b\u0442\u0430\u043d",
    "last_name": "\u0414\u0436\u0443\u043d\u0443\u0448\u0430\u043b\u0438\u0435\u0432",
    "email": "jun_sult@mail.ru",
    "is_staff": false,
    "is_active": true,
    "date_joined": "2020-01-27T05:50:01.492Z",
    "groups": [],
    "user_permissions": []
  }
},
{
  "model": "sessions.session",
  "pk": "5z2aq1cmeo1snk1n1le3oea29uje8brz",
  "fields": {
    "session_data": "NGNlZTE1YTdlYWRmOGM0NGFmYTRkZTA2MzFlMzQxYzY3OGE2ZTBlMzp7Il9hdXRoX3VzZXJfaWQiOiIxIiwiX2F1dGhfdXNlcl9iYWNrZW5kIjoiZGphbmdvLmNvbnRyaWIuYXV0aC5iYWNrZW5kcy5Nb2RlbEJhY2tlbmQiLCJfYXV0aF91c2VyX2hhc2giOiI1MzRjOTM5NmJmZmVmNGE2OWY0ZDYwMGYwMjk0MmNiYWQwMmY1MjllIn0=",
    "expire_date": "2020-02-13T03:11:34.865Z"
  }
},
{
  "model": "sessions.session",
  "pk": "e3f7o0ty92rrxgg9bmi8qyhelfnpojcg",
  "fields": {
    "session_data": "NGNlZTE1YTdlYWRmOGM0NGFmYTRkZTA2MzFlMzQxYzY3OGE2ZTBlMzp7Il9hdXRoX3VzZXJfaWQiOiIxIiwiX2F1dGhfdXNlcl9iYWNrZW5kIjoiZGphbmdvLmNvbnRyaWIuYXV0aC5iYWNrZW5kcy5Nb2RlbEJhY2tlbmQiLCJfYXV0aF91c2VyX2hhc2giOiI1MzRjOTM5NmJmZmVmNGE2OWY0ZDYwMGYwMjk0MmNiYWQwMmY1MjllIn0=",
    "expire_date": "2020-01-22T08:23:22.758Z"
  }
},
{
  "model": "sessions.session",
  "pk": "h7amnalnq8cxyba49lb5543iiahkviej",
  "fields": {
    "session_data": "NjI2ZTM2YWQ1MDUxZGMxZmU4MDEzZTQ3YWRlY2E2MDRjMjc1MmY0Mjp7Il9hdXRoX3VzZXJfaWQiOiIyIiwiX2F1dGhfdXNlcl9iYWNrZW5kIjoiZGphbmdvLmNvbnRyaWIuYXV0aC5iYWNrZW5kcy5Nb2RlbEJhY2tlbmQiLCJfYXV0aF91c2VyX2hhc2giOiIzYjNlOGViNWE4ZDRjMWNmMzdlNTQ3ZWVjOGNhNDUwYTVkNTIwNzE5In0=",
    "expire_date": "2020-02-17T09:20:36.803Z"
  }
},
{
  "model": "sessions.session",
  "pk": "kdwcql66g2w6khhl2w3z00t4luxa4x42",
  "fields": {
    "session_data": "NjI0YjkyYzZiN2RmZDUyY2Y4YWNmMGJjMDE1MjU4MzY2YTljYzQwYzp7fQ==",
    "expire_date": "2020-02-05T09:27:20.944Z"
  }
},
{
  "model": "sessions.session",
  "pk": "og9iksaeobfj5rbo1dilx9jhxf41bho3",
  "fields": {
    "session_data": "NGNlZTE1YTdlYWRmOGM0NGFmYTRkZTA2MzFlMzQxYzY3OGE2ZTBlMzp7Il9hdXRoX3VzZXJfaWQiOiIxIiwiX2F1dGhfdXNlcl9iYWNrZW5kIjoiZGphbmdvLmNvbnRyaWIuYXV0aC5iYWNrZW5kcy5Nb2RlbEJhY2tlbmQiLCJfYXV0aF91c2VyX2hhc2giOiI1MzRjOTM5NmJmZmVmNGE2OWY0ZDYwMGYwMjk0MmNiYWQwMmY1MjllIn0=",
    "expire_date": "2020-02-05T06:47:41.503Z"
  }
},
{
  "model": "sessions.session",
  "pk": "oq0lzene5ilcr0slmn8dcsr0dty43twb",
  "fields": {
    "session_data": "NjI0YjkyYzZiN2RmZDUyY2Y4YWNmMGJjMDE1MjU4MzY2YTljYzQwYzp7fQ==",
    "expire_date": "2020-02-05T09:22:58.496Z"
  }
},
{
  "model": "sessions.session",
  "pk": "vmu2c1vzkca0ebe1k2xushsnkkzdwm5q",
  "fields": {
    "session_data": "NGNlZTE1YTdlYWRmOGM0NGFmYTRkZTA2MzFlMzQxYzY3OGE2ZTBlMzp7Il9hdXRoX3VzZXJfaWQiOiIxIiwiX2F1dGhfdXNlcl9iYWNrZW5kIjoiZGphbmdvLmNvbnRyaWIuYXV0aC5iYWNrZW5kcy5Nb2RlbEJhY2tlbmQiLCJfYXV0aF91c2VyX2hhc2giOiI1MzRjOTM5NmJmZmVmNGE2OWY0ZDYwMGYwMjk0MmNiYWQwMmY1MjllIn0=",
    "expire_date": "2020-02-02T20:29:27.744Z"
  }
},
{
  "model": "sessions.session",
  "pk": "z32zi5qfgekus6h2x6o7iib5ldtr12u4",
  "fields": {
    "session_data": "NmZlMGQxZjFjNjdkNWRjYmYwYzVhNjQ5NWMxZTE4ZDQxZGRjZGY5MTp7Il9hdXRoX3VzZXJfaWQiOiIxMSIsIl9hdXRoX3VzZXJfYmFja2VuZCI6ImRqYW5nby5jb250cmliLmF1dGguYmFja2VuZHMuTW9kZWxCYWNrZW5kIiwiX2F1dGhfdXNlcl9oYXNoIjoiMWZjNmFlY2JmMTA5Y2JkNmUwODUyYTI3ZTcyMzBkNjUyMzUzOWY2OSJ9",
    "expire_date": "2020-02-05T12:33:41.998Z"
  }
},
{
  "model": "sessions.session",
  "pk": "zha75mbh5is8sku30bspz01cbi4nq1zl",
  "fields": {
    "session_data": "NGNlZTE1YTdlYWRmOGM0NGFmYTRkZTA2MzFlMzQxYzY3OGE2ZTBlMzp7Il9hdXRoX3VzZXJfaWQiOiIxIiwiX2F1dGhfdXNlcl9iYWNrZW5kIjoiZGphbmdvLmNvbnRyaWIuYXV0aC5iYWNrZW5kcy5Nb2RlbEJhY2tlbmQiLCJfYXV0aF91c2VyX2hhc2giOiI1MzRjOTM5NmJmZmVmNGE2OWY0ZDYwMGYwMjk0MmNiYWQwMmY1MjllIn0=",
    "expire_date": "2020-01-30T03:41:12.960Z"
  }
},
{
  "model": "webapp.news",
  "pk": 1,
  "fields": {
    "title": "\u0412 \u0423\u041d\u041f\u041a \u00ab\u041c\u0423\u041a\u00bb \u043f\u0440\u043e\u0448\u0435\u043b \u043c\u0435\u0436\u0434\u0443\u043d\u0430\u0440\u043e\u0434\u043d\u044b\u0439 \u0433\u0440\u0430\u043d\u0434-\u0442\u0443\u0440\u043d\u0438\u0440 \u043f\u043e \u043f\u0430\u0440\u043b\u0430\u043c\u0435\u043d\u0442\u0441\u043a\u0438\u043c \u0434\u0435\u0431\u0430\u0442\u0430\u043c",
    "text": "14 \u0438 15 \u0434\u0435\u043a\u0430\u0431\u0440\u044f \u0432 \u0441\u0442\u0435\u043d\u0430\u0445 \u041c\u043e\u043b\u043e\u0434\u0435\u0436\u043d\u043e\u0433\u043e \u0446\u0435\u043d\u0442\u0440\u0430 \u0426\u0435\u043d\u0442\u0440\u0430\u043b\u044c\u043d\u043e\u0433\u043e \u043a\u0430\u043c\u043f\u0443\u0441\u0430 \u0423\u041d\u041f\u041a \u00ab\u041c\u0423\u041a\u00bb \u043f\u0440\u043e\u0448\u0435\u043b \u043c\u0435\u0436\u0434\u0443\u043d\u0430\u0440\u043e\u0434\u043d\u044b\u0439 \u0433\u0440\u0430\u043d\u0434-\u0442\u0443\u0440\u043d\u0438\u0440 \u043f\u043e \u043f\u0430\u0440\u043b\u0430\u043c\u0435\u043d\u0442\u0441\u043a\u0438\u043c \u0434\u0435\u0431\u0430\u0442\u0430\u043c XVI MANAS CUP 2019.\r\n\r\n\u0422\u0443\u0440\u043d\u0438\u0440 \u043e\u0440\u0433\u0430\u043d\u0438\u0437\u043e\u0432\u0430\u043b\u0438 \u00ab\u0414\u0435\u0431\u0430\u0442\u043d\u044b\u0439 \u043a\u043b\u0443\u0431 \u00ab\u041c\u0430\u043d\u0430\u0441\u00bb \u0438 \u00ab\u0411\u0438\u0448\u043a\u0435\u043a\u0441\u043a\u0438\u0439 \u0434\u0435\u0431\u0430\u0442\u043d\u044b\u0439 \u0446\u0435\u043d\u0442\u0440\u00bb. \u0421\u043f\u043e\u043d\u0441\u043e\u0440\u0441\u043a\u0443\u044e \u043f\u043e\u043c\u043e\u0449\u044c \u043e\u043a\u0430\u0437\u0430\u043b\u0438 \u0423\u043f\u0440\u0430\u0432\u043b\u0435\u043d\u0438\u0435 \u0432\u0435\u0440\u0445\u043e\u0432\u043d\u043e\u0433\u043e \u043a\u043e\u043c\u0438\u0441\u0441\u0430\u0440\u0430 \u043f\u043e \u043f\u0440\u0430\u0432\u0430\u043c \u0447\u0435\u043b\u043e\u0432\u0435\u043a\u0430 \u041e\u041e\u041d \u0432 \u043b\u0438\u0446\u0435 \u042d\u0440\u043a\u0438\u043d\u0430 \u0418\u0441\u0430\u043a\u0443\u043b\u043e\u0432\u0430 \u0438 \u041f\u0435\u0442\u0435\u0440\u0430 \u041d\u0430\u0434\u0435\u0440\u0435\u0440\u0430 \u0438 \u0423\u041d\u041f\u041a \u00ab\u041c\u0423\u041a\u00bb.\r\n\r\n\u0421 \u043d\u0430\u043f\u0443\u0442\u0441\u0442\u0432\u0435\u043d\u043d\u043e\u0439 \u0440\u0435\u0447\u044c\u044e \u043e\u0444\u0438\u0446\u0438\u0430\u043b\u044c\u043d\u044b\u0439 \u0442\u0443\u0440\u043d\u0438\u0440 \u043e\u0442\u043a\u0440\u044b\u043b\u0430 \u043f\u0440\u043e\u0440\u0435\u043a\u0442\u043e\u0440 \u0426\u0435\u043d\u0442\u0440\u0430\u043b\u044c\u043d\u043e\u0433\u043e \u043a\u0430\u043c\u043f\u0443\u0441\u0430 \u041a\u0430\u0440\u0430\u0431\u0430\u043b\u0430\u0435\u0432\u0430 \u0421.\u0411.\r\n\r\n\u0412 \u0442\u0443\u0440\u043d\u0438\u0440\u0435 \u043f\u0440\u0438\u043d\u044f\u043b\u0438 \u0443\u0447\u0430\u0441\u0442\u0438\u0435 45 \u043a\u043e\u043c\u0430\u043d\u0434 \u0438\u0437 \u0441\u043b\u0435\u0434\u0443\u044e\u0449\u0438\u0445 \u0443\u0447\u0435\u0431\u043d\u044b\u0445 \u0437\u0430\u0432\u0435\u0434\u0435\u043d\u0438\u0439:\r\n\r\n\u041a\u0430\u0437\u0430\u0445\u0441\u0442\u0430\u043d:\r\n\u041d\u0430\u0437\u0430\u0440\u0431\u0430\u0435\u0432 \u0443\u043d\u0438\u0432\u0435\u0440\u0441\u0438\u0442\u0435\u0442 (\u0433.\u0410\u0441\u0442\u0430\u043d\u0430);\r\n\u0410\u0441\u0442\u0430\u043d\u0438\u043d\u0441\u043a\u0438\u0439 \u0443\u043d\u0438\u0432\u0435\u0440\u0441\u0438\u0442\u0435\u0442 \u0438\u043d\u0444\u043e\u0440\u043c\u0430\u0446\u0438\u043e\u043d\u043d\u044b\u0445 \u0442\u0435\u0445\u043d\u043e\u043b\u043e\u0433\u0438\u0439;\r\n\u0415\u041d\u0423 \u0438\u043c. \u0413\u0443\u043c\u0435\u043b\u0435\u0432\u0430 (\u0415\u0432\u0440\u0430\u0437\u0438\u0439\u0441\u043a\u0438\u0439 \u043d\u0430\u0446\u0438\u043e\u043d\u0430\u043b\u044c\u043d\u044b\u0439 \u0438\u043d\u0441\u0442\u0438\u0442\u0443\u0442) (\u0433.\u0410\u0441\u0442\u0430\u043d\u0430);\r\n\u041a\u0430\u0437\u0430\u0445\u0441\u043a\u0438\u0439 \u0433\u0443\u043c\u0430\u043d\u0438\u0442\u0430\u0440\u043d\u044b\u0439-\u044e\u0440\u0438\u0434\u0438\u0447\u0435\u0441\u043a\u0438\u0439 \u0443\u043d\u0438\u0432\u0435\u0440\u0441\u0438\u0442\u0435\u0442 \u0438\u043c. \u041c.\u0421. \u041d\u0430\u0440\u0438\u043a\u0431\u0430\u0435\u0432\u0430 (\u041a\u0430\u0437\u0413\u042e\u0423) (\u0433.\u0410\u0441\u0442\u0430\u043d\u0430);\r\n\u041a\u0430\u0437\u0430\u0445\u0441\u0442\u0430\u043d\u0441\u043a\u0438\u0439 \u0438\u043d\u0441\u0442\u0438\u0442\u0443\u0442 \u043c\u0435\u043d\u0435\u0434\u0436\u043c\u0435\u043d\u0442\u0430, \u044d\u043a\u043e\u043d\u043e\u043c\u0438\u043a\u0438 \u0438 \u043f\u0440\u043e\u0433\u043d\u043e\u0437\u0438\u0440\u043e\u0432\u0430\u043d\u0438\u044f (KIMEP) (\u0433.\u0410\u043b\u043c\u0430\u0442\u044b);\r\n\u041c\u0435\u0436\u0434\u0443\u043d\u0430\u0440\u043e\u0434\u043d\u044b\u0439 \u0443\u043d\u0438\u0432\u0435\u0440\u0441\u0438\u0442\u0435\u0442 \u0438\u043d\u0444\u043e\u0440\u043c\u0430\u0446\u0438\u043e\u043d\u043d\u044b\u0445 \u0442\u0435\u0445\u043d\u043e\u043b\u043e\u0433\u0438\u0439 (\u041c\u0423\u0418\u0422) (\u0433.\u0410\u043b\u043c\u0430\u0442\u044b);\r\n\u041a\u0430\u0437\u0430\u0445\u0441\u043a\u0438\u0439 \u043d\u0430\u0446\u0438\u043e\u043d\u0430\u043b\u044c\u043d\u044b\u0439 \u0443\u043d\u0438\u0432\u0435\u0440\u0441\u0438\u0442\u0435\u0442 \u0438\u043c. \u0410\u043b\u044c-\u0424\u0430\u0440\u0430\u0431\u0438 (\u0433.\u0410\u043b\u043c\u0430\u0442\u044b);\r\n\u0410\u043b\u043c\u0430\u0442\u0438\u043d\u0441\u043a\u0438\u0439 \u0443\u043d\u0438\u0432\u0435\u0440\u0441\u0438\u0442\u0435\u0442 \u044d\u043d\u0435\u0440\u0433\u0435\u0442\u0438\u043a\u0438 \u0438 \u0441\u0432\u044f\u0437\u0438 (\u0423\u042d\u0421);\r\n\u0413\u0438\u043c\u043d\u0430\u0437\u0438\u044f \u211625 \u0438\u043c. \u0418\u043b\u044c\u044f\u0441\u0430 \u0415\u0441\u0435\u043d\u0431\u0435\u0440\u043b\u0438\u043d\u0430;\r\n\u0415\u0432\u0440\u0430\u0437\u0438\u0439\u0441\u043a\u0438\u0439 \u0442\u0435\u0445\u043d\u043e\u043b\u043e\u0433\u0438\u0447\u0435\u0441\u043a\u0438\u0439 \u043a\u043e\u043b\u043b\u0435\u0434\u0436;\r\n\u041d\u0430\u0437\u0430\u0440\u0431\u0430\u0435\u0432 \u0438\u043d\u0442\u0435\u043b\u043b\u0435\u043a\u0442\u0443\u0430\u043b\u044c\u043d\u0430\u044f \u0448\u043a\u043e\u043b\u0430 \u0444\u0438\u0437\u0438\u043a\u043e-\u043c\u0430\u0442\u0435\u043c\u0430\u0442\u0438\u0447\u0435\u0441\u043a\u043e\u0433\u043e \u043d\u0430\u043f\u0440\u0430\u0432\u043b\u0435\u043d\u0438\u044f (\u041d\u0418\u0428\u0424\u041c);\r\n\u0420\u0435\u0441\u043f\u0443\u0431\u043b\u0438\u043a\u0430\u043d\u0441\u043a\u0430\u044f \u0444\u0438\u0437\u0438\u043a\u043e-\u043c\u0430\u0442\u0435\u043c\u0430\u0442\u0438\u0447\u0435\u0441\u043a\u0430\u044f \u0448\u043a\u043e\u043b\u0430 (\u0420\u0424\u041c\u0428).\r\n\u041a\u044b\u0440\u0433\u044b\u0437\u0441\u0442\u0430\u043d:\r\n\u041a\u044b\u0440\u0433\u044b\u0437\u0441\u043a\u0438\u0439 \u0433\u043e\u0441\u0443\u0434\u0430\u0440\u0441\u0442\u0432\u0435\u043d\u043d\u044b\u0439 \u044e\u0440\u0438\u0434\u0438\u0447\u0435\u0441\u043a\u0438\u0439 \u0443\u043d\u0438\u0432\u0435\u0440\u0441\u0438\u0442\u0435\u0442;\r\n\u0410\u043c\u0435\u0440\u0438\u043a\u0430\u043d\u0441\u043a\u0438\u0439 \u0443\u043d\u0438\u0432\u0435\u0440\u0441\u0438\u0442\u0435\u0442 \u0426\u0435\u043d\u0442\u0440\u0430\u043b\u044c\u043d\u043e\u0439 \u0410\u0437\u0438\u0438;\r\n\u041a\u044b\u0440\u0433\u044b\u0437\u0441\u043a\u043e-\u0420\u043e\u0441\u0441\u0438\u0439\u0441\u043a\u0438\u0439 \u0441\u043b\u0430\u0432\u044f\u043d\u0441\u043a\u0438\u0439 \u0443\u043d\u0438\u0432\u0435\u0440\u0441\u0438\u0442\u0435\u0442;\r\n\u041a\u044b\u0440\u0433\u044b\u0437\u0441\u043a\u0438\u0439 \u0433\u043e\u0441\u0443\u0434\u0430\u0440\u0441\u0442\u0432\u0435\u043d\u043d\u044b\u0439 \u0442\u0435\u0445\u043d\u0438\u0447\u0435\u0441\u043a\u0438\u0439 \u0443\u043d\u0438\u0432\u0435\u0440\u0441\u0438\u0442\u0435\u0442 \u0438\u043c. \u0420\u0430\u0437\u0437\u0430\u043a\u043e\u0432\u0430;\r\n\u0411\u0438\u0448\u043a\u0435\u043a\u0441\u043a\u0438\u0439 \u0433\u0443\u043c\u0430\u043d\u0438\u0442\u0430\u0440\u043d\u044b\u0439 \u0443\u043d\u0438\u0432\u0435\u0440\u0441\u0438\u0442\u0435\u0442;\r\n\u041a\u044b\u0440\u0433\u044b\u0437\u0441\u043a\u043e-\u0422\u0443\u0440\u0435\u0446\u043a\u0438\u0439 \u0443\u043d\u0438\u0432\u0435\u0440\u0441\u0438\u0442\u0435\u0442 \u00ab\u041c\u0430\u043d\u0430\u0441\u00bb;\r\n\u0423\u041d\u041f\u041a \u00ab\u041c\u0423\u041a\u00bb;\r\n\u00ab\u0411\u0438\u043b\u0438\u043c\u043a\u0430\u043d\u0430\u00bb \u0448\u043a\u043e\u043b\u0430-\u0433\u0438\u043c\u043d\u0430\u0437\u0438\u044f \u211626;\r\n\u0428\u043a\u043e\u043b\u0430-\u0433\u0438\u043c\u043d\u0430\u0437\u0438\u044f \u21168;\r\n\u0421\u0440\u0435\u0434\u043d\u044f\u044f \u0448\u043a\u043e\u043b\u0430-\u0433\u0438\u043c\u043d\u0430\u0437\u0438\u044f \u211610 \u0438\u043c. \u0410.\u0421. \u041c\u0430\u043a\u0430\u0440\u0435\u043d\u043a\u043e;\r\n\u0438\u0448\u043a\u0435\u043a\u0441\u043a\u0438\u0439 \u041a\u044b\u0440\u0433\u044b\u0437\u0441\u043a\u043e-\u0422\u0443\u0440\u0435\u0446\u043a\u0438\u0439 \u0436\u0435\u043d\u0441\u043a\u0438\u0439 \u043b\u0438\u0446\u0435\u0439 \u00ab\u0410\u0439\u0447\u0443\u0440\u043e\u043a\u00bb;\r\n\u0423\u0412\u041a \u0448\u043a\u043e\u043b\u0430-\u0433\u0438\u043c\u043d\u0430\u0437\u0438\u044f \u211620;\r\n\u0423\u0412\u041a \u0448\u043a\u043e\u043b\u0430-\u0433\u0438\u043c\u043d\u0430\u0437\u0438\u044f \u211670;\r\n\u042d\u043a\u043e\u043b\u043e\u0433\u043e-\u044d\u043a\u043e\u043d\u043e\u043c\u0438\u0447\u0435\u0441\u043a\u0438\u0439 \u043b\u0438\u0446\u0435\u0439 \u211665;\r\n\u0428\u043a\u043e\u043b\u0430-\u0433\u0438\u043c\u043d\u0430\u0437\u0438\u044f \u211664;\r\n\u041a\u042d\u0438\u0421 \u043f\u0440\u0438 \u041a\u042d\u0423 \u0438\u043c. \u0420\u044b\u0441\u043a\u0443\u043b\u0431\u0435\u043a\u043e\u0432\u0430;\r\n\u0423\u0412\u041a \u0448\u043a\u043e\u043b\u0430-\u0433\u0438\u043c\u043d\u0430\u0437\u0438\u044f \u211612;\r\n\u041a\u044b\u0440\u0433\u044b\u0437\u0441\u043a\u043e-\u041a\u043e\u0440\u0435\u0439\u0441\u043a\u0438\u0439 \u043a\u043e\u043b\u043b\u0435\u0434\u0436;\r\n\u0421\u041e\u0428 \u041a\u0420\u0421\u0423.\r\n\u041f\u043e \u0438\u0442\u043e\u0433\u0430\u043c \u0442\u0443\u0440\u043d\u0438\u0440\u0430 \u043f\u0435\u0440\u0432\u043e\u0435 \u043c\u0435\u0441\u0442\u043e \u0437\u0430\u043d\u044f\u043b\u0430 \u043a\u043e\u043c\u0430\u043d\u0434\u0430 \u0438\u0437 \u041d\u0430\u0437\u0430\u0440\u0431\u0430\u0435\u0432 \u0443\u043d\u0438\u0432\u0435\u0440\u0441\u0438\u0442\u0435\u0442\u0430, \u0432\u0442\u043e\u0440\u043e\u0435 \u0438 \u0442\u0440\u0435\u0442\u044c\u0435 \u043c\u0435\u0441\u0442\u043e \u0437\u0430\u043d\u044f\u0442\u0438\u0438 \u043a\u043e\u043c\u0430\u043d\u0434\u044b \u0438\u0437 \u0415\u041d\u0423 \u0438\u043c. \u0413\u0443\u043c\u0435\u043b\u0435\u0432\u0430 \u0438 KIMEP.",
    "created_at": "2019-12-26T06:24:47.934Z",
    "photo": "news_images/manas-cup-2019-1-3.jpeg"
  }
},
{
  "model": "webapp.news",
  "pk": 2,
  "fields": {
    "title": "\u041c\u0435\u0436\u0434\u0443\u043d\u0430\u0440\u043e\u0434\u043d\u044b\u0439 \u0443\u043d\u0438\u0432\u0435\u0440\u0441\u0438\u0442\u0435\u0442 \u041a\u044b\u0440\u0433\u044b\u0437\u0441\u0442\u0430\u043d\u0430 \u043d\u0430\u043c\u0435\u0440\u0435\u043d \u0430\u043a\u0442\u0438\u0432\u043d\u043e \u0441\u043e\u0442\u0440\u0443\u0434\u043d\u0438\u0447\u0430\u0442\u044c \u0441 \u043f\u0430\u0440\u0442\u043d\u0435\u0440\u0430\u043c\u0438 9999999999999999999999999999999999",
    "text": "18 \u0434\u0435\u043a\u0430\u0431\u0440\u044f \u0432 \u0412\u043e\u0441\u0442\u043e\u0447\u043d\u043e\u043c \u043a\u0430\u043c\u043f\u0443\u0441\u0435 \u041d\u041e\u0423 \u0423\u041d\u041f\u041a \u00ab\u041c\u0423\u041a\u00bb \u043f\u0440\u043e\u0448\u0435\u043b \u043e\u0447\u0435\u0440\u0435\u0434\u043d\u043e\u0439 \u043a\u0440\u0443\u0433\u043b\u044b\u0439 \u0441\u0442\u043e\u043b \u00ab\u0412\u0423\u0417-\u0440\u0430\u0431\u043e\u0442\u043e\u0434\u0430\u0442\u0435\u043b\u044c: \u043e\u0446\u0435\u043d\u043a\u0430 \u043a\u0430\u0447\u0435\u0441\u0442\u0432\u0430 \u043f\u043e\u0434\u0433\u043e\u0442\u043e\u0432\u043a\u0438 \u0432\u044b\u043f\u0443\u0441\u043a\u043d\u0438\u043a\u043e\u0432\u00bb. \u0426\u0435\u043b\u044c\u044e \u043c\u0435\u0440\u043e\u043f\u0440\u0438\u044f\u0442\u0438\u044f \u0441\u0442\u0430\u043b\u043e \u0440\u0430\u0437\u0432\u0438\u0442\u0438\u0435 \u044d\u0444\u0444\u0435\u043a\u0442\u0438\u0432\u043d\u043e\u0433\u043e \u0432\u0437\u0430\u0438\u043c\u043e\u0434\u0435\u0439\u0441\u0442\u0432\u0438\u044f \u0432\u0443\u0437\u0430 \u0441 \u0440\u0430\u0431\u043e\u0442\u043e\u0434\u0430\u0442\u0435\u043b\u044f\u043c\u0438.\r\n\r\n\u0412 \u0440\u0430\u0431\u043e\u0442\u0435 \u043a\u0440\u0443\u0433\u043b\u043e\u0433\u043e \u0441\u0442\u043e\u043b\u0430 \u0430\u043a\u0442\u0438\u0432\u043d\u043e\u0435 \u0443\u0447\u0430\u0441\u0442\u0438\u0435 \u043f\u0440\u0438\u043d\u044f\u043b\u0438 \u043d\u0430\u0448\u0438 \u0441\u043e\u0446\u0438\u0430\u043b\u044c\u043d\u044b\u0435 \u043f\u0430\u0440\u0442\u043d\u0435\u0440\u044b, \u043a\u043e\u0442\u043e\u0440\u044b\u0435 \u0432\u044b\u0441\u0442\u0443\u043f\u0438\u043b\u0438 \u0441 \u043f\u0440\u0435\u0434\u043b\u043e\u0436\u0435\u043d\u0438\u044f\u043c\u0438 \u043f\u0440\u043e\u0434\u043e\u043b\u0436\u0438\u0442\u044c \u0432\u0437\u0430\u0438\u043c\u043e\u0434\u0435\u0439\u0441\u0442\u0432\u0438\u0435 \u0441 \u0432\u0443\u0437\u043e\u043c \u0438 \u0432\u044b\u0432\u0435\u0441\u0442\u0438 \u043d\u0430 \u043d\u043e\u0432\u044b\u0439, \u0431\u043e\u043b\u0435\u0435 \u043a\u0430\u0447\u0435\u0441\u0442\u0432\u0435\u043d\u043d\u044b\u0439 \u0443\u0440\u043e\u0432\u0435\u043d\u044c \u0432\u0437\u0430\u0438\u043c\u043e\u0432\u044b\u0433\u043e\u0434\u043d\u043e\u0433\u043e \u0441\u043e\u0442\u0440\u0443\u0434\u043d\u0438\u0447\u0435\u0441\u0442\u0432\u0430.\r\n\r\n\u041a \u043f\u0440\u0438\u043c\u0435\u0440\u0443, \u0437\u0430\u043c\u0435\u0441\u0442\u0438\u0442\u0435\u043b\u044c \u0434\u0438\u0440\u0435\u043a\u0442\u043e\u0440\u0430 \u043f\u043e \u0438\u043d\u043e\u0441\u0442\u0440\u0430\u043d\u043d\u044b\u043c \u044f\u0437\u044b\u043a\u0430\u043c \u0423\u0412\u041a \u0448\u043a\u043e\u043b\u044b-\u0433\u0438\u043c\u043d\u0430\u0437\u0438\u0438 \u211695 \u0410.\u0416. \u0418\u043c\u0430\u043d\u0430\u043b\u0438\u0435\u0432\u0430 \u0440\u0430\u0441\u0441\u043a\u0430\u0437\u0430\u043b\u0430 \u043e \u043f\u0440\u043e\u0448\u043b\u043e\u043c \u043e\u043f\u044b\u0442\u0435 \u0441\u043e\u0442\u0440\u0443\u0434\u043d\u0438\u0447\u0435\u0441\u0442\u0432\u0430 \u0441 \u0443\u043d\u0438\u0432\u0435\u0440\u0441\u0438\u0442\u0435\u0442\u043e\u043c, \u0438 \u043f\u0440\u0435\u0434\u043b\u043e\u0436\u0438\u043b\u0430 \u0443\u0432\u0435\u043b\u0438\u0447\u0438\u0442\u044c \u043a\u043e\u043b\u0438\u0447\u0435\u0441\u0442\u0432\u043e \u0441\u0442\u0443\u0434\u0435\u043d\u0442\u043e\u0432 \u0434\u043b\u044f \u043f\u0440\u043e\u0445\u043e\u0436\u0434\u0435\u043d\u0438\u044f \u043f\u0440\u0430\u043a\u0442\u0438\u043a\u0438 \u0432 \u0438\u0445 \u0448\u043a\u043e\u043b\u0435, \u0432 \u0441\u0432\u044f\u0437\u0438 \u0441 \u043f\u043e\u043b\u043e\u0436\u0438\u0442\u0435\u043b\u044c\u043d\u044b\u043c \u043e\u0442\u0437\u044b\u0432\u043e\u043c \u0440\u0443\u043a\u043e\u0432\u043e\u0434\u0441\u0442\u0432\u0430 \u0438 \u0443\u0447\u0430\u0449\u0438\u0445\u0441\u044f \u0448\u043a\u043e\u043b\u044b \u043f\u043e \u0440\u0430\u0431\u043e\u0442\u0435 \u043f\u0440\u0435\u0434\u044b\u0434\u0443\u0449\u0438\u0445 \u043f\u0440\u0430\u043a\u0442\u0438\u043a\u0430\u043d\u0442\u043e\u0432 \u2013 \u0431\u0443\u0434\u0443\u0449\u0438\u0445 \u043f\u0435\u0434\u0430\u0433\u043e\u0433\u043e\u0432-\u0444\u0438\u043b\u043e\u043b\u043e\u0433\u043e\u0432.\r\n\r\n\u0410 \u043d\u0430\u0446\u0438\u043e\u043d\u0430\u043b\u044c\u043d\u044b\u0439 \u043a\u043e\u043e\u0440\u0434\u0438\u043d\u0430\u0442\u043e\u0440 \u0432\u043e\u043b\u043e\u043d\u0442\u0435\u0440\u043e\u0432 \u0438 \u043c\u043e\u043b\u043e\u0434\u0435\u0436\u0438 \u041d\u0430\u0446\u0438\u043e\u043d\u0430\u043b\u044c\u043d\u043e\u0433\u043e \u041e\u0431\u0449\u0435\u0441\u0442\u0432\u0430 \u041a\u0440\u0430\u0441\u043d\u043e\u0433\u043e \u041f\u043e\u043b\u0443\u043c\u0435\u0441\u044f\u0446\u0430 \u041a\u0420 \u0410. \u041a\u0430\u043d\u0433\u0435\u043b\u044c\u0434\u0438\u0435\u0432\u0430 \u0440\u0430\u0441\u0441\u043a\u0430\u0437\u0430\u043b\u0430 \u043e\u0431 \u043e\u0441\u043e\u0431\u0435\u043d\u043d\u043e\u0441\u0442\u044f\u0445 \u043f\u0440\u043e\u0445\u043e\u0436\u0434\u0435\u043d\u0438\u044f \u043f\u0440\u043e\u0438\u0437\u0432\u043e\u0434\u0441\u0442\u0432\u0435\u043d\u043d\u043e\u0439 \u043f\u0440\u0430\u043a\u0442\u0438\u043a\u0438 \u0441\u0442\u0443\u0434\u0435\u043d\u0442\u0430\u043c\u0438 \u0432\u0443\u0437\u043e\u0432 \u0432 \u0438\u0445 \u043e\u0440\u0433\u0430\u043d\u0438\u0437\u0430\u0446\u0438\u0438. \r\n\r\n\u0423\u0447\u0430\u0441\u0442\u043d\u0438\u043a\u0430\u043c\u0438 \u043c\u0435\u0440\u043e\u043f\u0440\u0438\u044f\u0442\u0438\u044f \u0431\u044b\u043b\u0438 \u0442\u0430\u043a\u0436\u0435 \u0437\u0430\u0432\u0435\u0434\u0443\u044e\u0449\u0438\u0439 \u043e\u0442\u0434\u0435\u043b\u043e\u043c \u041c\u0438\u043d\u0438\u0441\u0442\u0435\u0440\u0441\u0442\u0432\u0430 \u043a\u0443\u043b\u044c\u0442\u0443\u0440\u044b, \u0438\u043d\u0444\u043e\u0440\u043c\u0430\u0446\u0438\u0438 \u0438 \u0442\u0443\u0440\u0438\u0437\u043c\u0430 \u041a\u044b\u0440\u0433\u044b\u0437\u0441\u043a\u043e\u0439 \u0420\u0435\u0441\u043f\u0443\u0431\u043b\u0438\u043a\u0438, \u0413\u0435\u043d\u0435\u0440\u0430\u043b\u044c\u043d\u044b\u0439 \u0441\u0435\u043a\u0440\u0435\u0442\u0430\u0440\u044c \u043c\u0435\u0436\u0434\u0443\u043d\u0430\u0440\u043e\u0434\u043d\u043e\u0439 \u043f\u043e\u043b\u0438\u0446\u0435\u0439\u0441\u043a\u043e\u0439 \u0430\u0441\u0441\u043e\u0446\u0438\u0430\u0446\u0438\u0438, \u0434\u0438\u0440\u0435\u043a\u0442\u043e\u0440\u044b \u0442\u0443\u0440\u0438\u0441\u0442\u0438\u0447\u0435\u0441\u043a\u0438\u0445 \u0444\u0438\u0440\u043c, \u043f\u0435\u0440\u0435\u0432\u043e\u0434\u0447\u0435\u0441\u043a\u0438\u0445 \u0430\u0433\u0435\u043d\u0442\u0441\u0442\u0432, \u043f\u0440\u0435\u0434\u0441\u0442\u0430\u0432\u0438\u0442\u0435\u043b\u0438 \u043f\u0440\u0430\u0432\u043e\u043e\u0445\u0440\u0430\u043d\u0438\u0442\u0435\u043b\u044c\u043d\u044b\u0445 \u043e\u0440\u0433\u0430\u043d\u043e\u0432 \u0441\u0442\u0440\u0430\u043d\u044b, \u0430 \u0442\u0430\u043a\u0436\u0435 \u0440\u0443\u043a\u043e\u0432\u043e\u0434\u0438\u0442\u0435\u043b\u0438 \u0432\u044b\u0441\u0448\u0438\u0445 \u0443\u0447\u0435\u0431\u043d\u044b\u0445 \u0437\u0430\u0432\u0435\u0434\u0435\u043d\u0438\u0439.\r\n\r\n\u041a\u0440\u0443\u0433\u043b\u044b\u0439 \u0441\u0442\u043e\u043b \u043f\u0440\u043e\u0448\u0435\u043b \u0432 \u0434\u0440\u0443\u0436\u0435\u0441\u043a\u043e\u0439 \u0430\u0442\u043c\u043e\u0441\u0444\u0435\u0440\u0435. \u041f\u0440\u0438\u0441\u0443\u0442\u0441\u0442\u0432\u0443\u044e\u0449\u0438\u0435 \u0430\u043a\u0442\u0438\u0432\u043d\u043e \u0437\u0430\u0434\u0430\u0432\u0430\u043b\u0438 \u0432\u043e\u043f\u0440\u043e\u0441\u044b \u0438 \u043f\u043e\u043b\u0443\u0447\u0430\u043b\u0438 \u0438\u0441\u0447\u0435\u0440\u043f\u044b\u0432\u0430\u044e\u0449\u0438\u0435 \u043e\u0442\u0432\u0435\u0442\u044b.\r\n\r\n\u0412 \u0437\u0430\u0432\u0435\u0440\u0448\u0435\u043d\u0438\u0438 \u043c\u0435\u0440\u043e\u043f\u0440\u0438\u044f\u0442\u0438\u044f \u0434\u043b\u044f \u0432\u0441\u0435\u0445 \u0443\u0447\u0430\u0441\u0442\u043d\u0438\u043a\u043e\u0432 \u043a\u0440\u0443\u0433\u043b\u043e\u0433\u043e \u0441\u0442\u043e\u043b\u0430 \u043f\u0440\u043e\u0432\u0435\u043b\u0438 \u044d\u043a\u0441\u043a\u0443\u0440\u0441\u0438\u044e \u043f\u043e \u043a\u0430\u043c\u043f\u0443\u0441\u0443, \u0438 \u0432\u0440\u0443\u0447\u0438\u043b\u0438 \u0431\u043b\u0430\u0433\u043e\u0434\u0430\u0440\u0441\u0442\u0432\u0435\u043d\u043d\u044b\u0435 \u043f\u0438\u0441\u044c\u043c\u0430.\r\n\r\n\u041f\u043e \u0438\u0442\u043e\u0433\u0430\u043c \u0432\u0441\u0442\u0440\u0435\u0447\u0438, \u043f\u0440\u0438\u0441\u0443\u0442\u0441\u0442\u0432\u0443\u044e\u0449\u0438\u0435 \u043f\u0440\u0435\u0434\u043b\u043e\u0436\u0438\u043b\u0438 \u0432 \u0434\u0430\u043b\u044c\u043d\u0435\u0439\u0448\u0435\u043c \u0448\u0438\u0440\u043e\u043a\u043e \u043f\u0440\u0438\u0432\u043b\u0435\u043a\u0430\u0442\u044c \u0441\u043f\u0435\u0446\u0438\u0430\u043b\u0438\u0441\u0442\u043e\u0432-\u043f\u0440\u0430\u043a\u0442\u0438\u043a\u043e\u0432, \u0438 \u043f\u0440\u0438\u043d\u0438\u043c\u0430\u0442\u044c \u0430\u043a\u0442\u0438\u0432\u043d\u043e\u0435 \u0443\u0447\u0430\u0441\u0442\u0438\u0435 \u0432 \u0440\u0430\u0437\u0440\u0430\u0431\u043e\u0442\u043a\u0435 \u0438 \u0440\u0435\u0430\u043b\u0438\u0437\u0430\u0446\u0438\u0438 \u0441\u043e\u0432\u043c\u0435\u0441\u0442\u043d\u044b\u0445 \u0438\u043d\u043d\u043e\u0432\u0430\u0446\u0438\u043e\u043d\u043d\u044b\u0445, \u0438\u043d\u0442\u0435\u0433\u0440\u0438\u0440\u043e\u0432\u0430\u043d\u043d\u044b\u0445 \u043e\u0431\u0440\u0430\u0437\u043e\u0432\u0430\u0442\u0435\u043b\u044c\u043d\u044b\u0445 \u043f\u0440\u043e\u0433\u0440\u0430\u043c\u043c, \u0443\u0447\u0435\u0431\u043d\u044b\u0445 \u043f\u043b\u0430\u043d\u043e\u0432.\r\n\r\n\u0410 \u0442\u0430\u043a\u0436\u0435 \u043f\u0440\u0438\u043d\u044f\u0442\u043e \u0440\u0435\u0448\u0435\u043d\u0438\u0435 \u043e\u0431 \u0430\u043a\u0442\u0438\u0432\u0438\u0437\u0430\u0446\u0438\u0438 \u0441\u043e\u0442\u0440\u0443\u0434\u043d\u0438\u0447\u0435\u0441\u0442\u0432\u0430 \u0441 \u043f\u0430\u0440\u0442\u043d\u0435\u0440\u0430\u043c\u0438 \u0423\u041d\u041f\u041a \u00ab\u041c\u0423\u041a\u00bb \u0438 \u0432\u0435\u0434\u0435\u043d\u0438\u044f \u043c\u043e\u043d\u0438\u0442\u043e\u0440\u0438\u043d\u0433\u0430 \u0432\u0437\u0430\u0438\u043c\u043e\u0434\u0435\u0439\u0441\u0442\u0432\u0438\u044f \u0432\u0443\u0437\u0430 \u043f\u043e \u0441\u043e\u043f\u0440\u043e\u0432\u043e\u0436\u0434\u0435\u043d\u0438\u044e \u0441\u043e\u0446\u0438\u0430\u043b\u044c\u043d\u043e-\u043f\u0440\u043e\u0444\u0435\u0441\u0441\u0438\u043e\u043d\u0430\u043b\u044c\u043d\u043e\u0439 \u0430\u0434\u0430\u043f\u0442\u0430\u0446\u0438\u0438 \u0432\u044b\u043f\u0443\u0441\u043a\u043d\u0438\u043a\u043e\u0432.\r\n\u0423\u0447\u0430\u0441\u0442\u043d\u0438\u043a\u0438 \u0440\u0435\u0448\u0438\u043b\u0438 \u043d\u0435 \u043e\u0441\u0442\u0430\u043d\u0430\u0432\u043b\u0438\u0432\u0430\u0442\u044c\u0441\u044f \u043d\u0430 \u0434\u043e\u0441\u0442\u0438\u0433\u043d\u0443\u0442\u043e\u043c \u0438 \u043f\u0440\u043e\u0432\u043e\u0434\u0438\u0442\u044c \u0431\u043e\u043b\u044c\u0448\u0435 \u043c\u0435\u0440\u043e\u043f\u0440\u0438\u044f\u0442\u0438\u0439 \u0434\u043b\u044f \u0441\u0442\u0443\u0434\u0435\u043d\u0442\u043e\u0432 (\u0433\u043e\u0441\u0442\u0435\u0432\u044b\u0435 \u043b\u0435\u043a\u0446\u0438\u0438, \u0448\u043a\u043e\u043b\u044b, \u043a\u043e\u043d\u0444\u0435\u0440\u0435\u043d\u0446\u0438\u0438, \u0441\u0435\u043c\u0438\u043d\u0430\u0440\u044b, \u043c\u0430\u0441\u0442\u0435\u0440-\u043a\u043b\u0430\u0441\u0441\u044b) \u0441 \u0443\u0447\u0430\u0441\u0442\u0438\u0435\u043c \u0440\u0430\u0431\u043e\u0442\u043e\u0434\u0430\u0442\u0435\u043b\u0435\u0439.",
    "created_at": "2019-12-26T07:02:44.020Z",
    "photo": "news_images/_mezhdunarodnyy-universitet-kyrgyzstana-nameren-aktivno-sotrudnichat-s-partnerami.jpg"
  }
},
{
  "model": "webapp.news",
  "pk": 3,
  "fields": {
    "title": "\u2014 \u0423\u0432\u0430\u0436\u0430\u0435\u043c\u044b\u0435 \u0437\u0430\u0432\u0435\u0434\u0443\u044e\u0449\u0438\u0435 \u043a\u0430\u0444\u0435\u0434\u0440\u0430\u043c\u0438 \u0438 \u043f\u0440\u0435\u043f\u043e\u0434\u0430\u0432\u0430\u0442\u0435\u043b\u0438!888888888888888",
    "text": "\u041f\u0440\u0435\u0434\u0441\u0442\u0430\u0432\u0438\u0442\u0435\u043b\u0438 \u043a\u043e\u043c\u043f\u0430\u043d\u0438\u0438 \u00abElectronik Information Technologies\u00bb \u0432 \u0440\u0430\u043c\u043a\u0430\u0445 \u0441\u043e\u0432\u043c\u0435\u0441\u0442\u043d\u043e\u0433\u043e \u0441\u043e\u0442\u0440\u0443\u0434\u043d\u0438\u0447\u0435\u0441\u0442\u0432\u0430 \u043f\u0440\u043e\u0434\u043b\u0438\u043b\u0438 \u0432\u0440\u0435\u043c\u0435\u043d\u043d\u044b\u0439 \u0434\u043e\u0441\u0442\u0443\u043f, \u0432\u044b\u0434\u0430\u043d\u043d\u044b\u0439 \u043d\u0430 \u0442\u0440\u0435\u043d\u0438\u043d\u0433\u0435 4 \u0434\u0435\u043a\u0430\u0431\u0440\u044f 2019\u0433. \u043d\u0430 \u043e\u0431\u0440\u0430\u0437\u043e\u0432\u0430\u0442\u0435\u043b\u044c\u043d\u044b\u0439 c\u0435\u0440\u0432\u0438\u0441 Biblioteka.kg \u0434\u043e 9 \u0434\u0435\u043a\u0430\u0431\u0440\u044f 2019\u0433.\r\n\u0423\u0441\u043f\u0435\u0439\u0442\u0435 \u0432\u043e\u0441\u043f\u043e\u043b\u044c\u0437\u043e\u0432\u0430\u0442\u044c\u0441\u044f \u0441\u0430\u043c\u044b\u043c \u0432\u044b\u0433\u043e\u0434\u043d\u044b\u043c \u043f\u0440\u0435\u0434\u043b\u043e\u0436\u0435\u043d\u0438\u0435\u043c \u0443\u0436\u0435 \u0441\u0435\u0433\u043e\u0434\u043d\u044f!",
    "created_at": "2019-12-27T07:22:46.180Z",
    "photo": "news_images/_uvazhaemye-zaveduyuschie-kafedrami-i-prepodavateli.jpeg"
  }
},
{
  "model": "webapp.news",
  "pk": 4,
  "fields": {
    "title": "\u2014 \u042d\u043b\u0435\u043a\u0442\u0440\u043e\u043d\u043d\u043e-\u0431\u0438\u0431\u043b\u0438\u043e\u0442\u0435\u0447\u043d\u0430\u044f \u0441\u0438\u0441\u0442\u0435\u043c\u0430 (\u042d\u0411\u0421) \u00abZnanium\u00bb",
    "text": "\u0413\u0440\u0443\u043f\u043f\u0430 \u043a\u043e\u043c\u043f\u0430\u043d\u0438\u0439 \u00ab\u0418\u041d\u0424\u0420\u0410-\u041c\u00bb(\u0420\u043e\u0441\u0441\u0438\u044f, \u041c\u043e\u0441\u043a\u0432\u0430), \u0432 \u0440\u0430\u043c\u043a\u0430\u0445 \u0441\u043e\u0442\u0440\u0443\u0434\u043d\u0438\u0447\u0435\u0441\u0442\u0432\u0430 \u0441 \u041d\u0430\u0443\u0447\u043d\u043e\u0439 \u0431\u0438\u0431\u043b\u0438\u043e\u0442\u0435\u043a\u043e\u0439 \u0417\u0430\u043f\u0430\u0434\u043d\u043e\u0433\u043e \u043a\u0430\u043c\u043f\u0443\u0441\u0430 \u043e\u0442\u043a\u0440\u044b\u043b\u0430 \u0442\u0435\u0441\u0442\u043e\u0432\u044b\u0439 \u0434\u043e\u0441\u0442\u0443\u043f \u043a \u0431\u0430\u0437\u043e\u0432\u043e\u0439 \u043a\u043e\u043b\u043b\u0435\u043a\u0446\u0438\u0438 \u042d\u043b\u0435\u043a\u0442\u0440\u043e\u043d\u043d\u043e-\u0431\u0438\u0431\u043b\u0438\u043e\u0442\u0435\u0447\u043d\u043e\u0439 \u0441\u0438\u0441\u0442\u0435\u043c\u044b (\u042d\u0411\u0421) \u00abZnanium\u00bb https://znanium.com/. \u0414\u043e\u0441\u0442\u0443\u043f \u043f\u0440\u0435\u0434\u043e\u0441\u0442\u0430\u0432\u043b\u044f\u0435\u0442\u0441\u044f \u0432\u0441\u0435\u043c\u0443 \u0410\u043a\u0430\u0434\u0435\u043c\u0438\u0447\u0435\u0441\u043a\u043e\u043c\u0443 \u043a\u043e\u043d\u0441\u043e\u0440\u0446\u0438\u0443\u043c\u0443 \u00ab\u041c\u0423\u041a\u00bb \u043f\u043e IP \u2013 \u0430\u0434\u0440\u0435\u0441\u0430\u043c \u0432\u0441\u0435\u0445 \u043a\u0430\u043c\u043f\u0443\u0441\u043e\u0432 \u0441 16 \u0434\u0435\u043a\u0430\u0431\u0440\u044f 2019 \u0433. \u043f\u043e 2 \u0444\u0435\u0432\u0440\u0430\u043b\u044f 2020 \u0433.\r\n\r\n\u042d\u0411\u0421 \u00abZnanium\u00bb - \u044d\u0442\u043e \u0438\u043d\u0444\u043e\u0440\u043c\u0430\u0446\u0438\u043e\u043d\u043d\u043e \u2013 \u043e\u0431\u0440\u0430\u0437\u043e\u0432\u0430\u0442\u0435\u043b\u044c\u043d\u044b\u0439 \u043f\u043e\u0440\u0442\u0430\u043b, \u0432\u043a\u043b\u044e\u0447\u0430\u044e\u0449\u0438\u0439 \u044d\u043b\u0435\u043a\u0442\u0440\u043e\u043d\u043d\u0443\u044e \u0432\u0435\u0440\u0441\u0438\u044e \u043b\u0438\u0442\u0435\u0440\u0430\u0442\u0443\u0440\u044b 10 \u0438\u0437\u0434\u0430\u0442\u0435\u043b\u044c\u0441\u0442\u0432 \u0433\u0440\u0443\u043f\u043f\u044b \u043a\u043e\u043c\u043f\u0430\u043d\u0438\u0439 \u00ab\u0418\u041d\u0424\u0420\u0410-\u041c\u00bb. \u0411\u0430\u0437\u043e\u0432\u0430\u044f \u043a\u043e\u043b\u043b\u0435\u043a\u0446\u0438\u044f \u0441\u043e\u0434\u0435\u0440\u0436\u0438\u0442 50 000 \u043d\u0430\u0438\u043c\u0435\u043d\u043e\u0432\u0430\u043d\u0438\u0439 \u044d\u043b\u0435\u043a\u0442\u0440\u043e\u043d\u043d\u044b\u0445 \u0438\u0437\u0434\u0430\u043d\u0438\u0439. \u042d\u0442\u043e \u0443\u0447\u0435\u0431\u043d\u0438\u043a\u0438, \u0443\u0447\u0435\u0431\u043d\u044b\u0435 \u043f\u043e\u0441\u043e\u0431\u0438\u044f, \u0423\u041c\u041a, \u043c\u043e\u043d\u043e\u0433\u0440\u0430\u0444\u0438\u0438, \u0430\u0432\u0442\u043e\u0440\u0435\u0444\u0435\u0440\u0430\u0442\u044b, \u0434\u0438\u0441\u0441\u0435\u0440\u0442\u0430\u0446\u0438\u0438, \u044d\u043d\u0446\u0438\u043a\u043b\u043e\u043f\u0435\u0434\u0438\u0438, \u0441\u043b\u043e\u0432\u0430\u0440\u0438 \u0438 \u0441\u043f\u0440\u0430\u0432\u043e\u0447\u043d\u0438\u043a\u0438, \u0437\u0430\u043a\u043e\u043d\u043e\u0434\u0430\u0442\u0435\u043b\u044c\u043d\u043e-\u043d\u043e\u0440\u043c\u0430\u0442\u0438\u0432\u043d\u044b\u0435 \u0434\u043e\u043a\u0443\u043c\u0435\u043d\u0442\u044b \u0438 \u043d\u0430\u0443\u0447\u043d\u0430\u044f \u043f\u0435\u0440\u0438\u043e\u0434\u0438\u043a\u0430 \u043f\u043e \u0440\u0430\u0437\u043b\u0438\u0447\u043d\u044b\u043c \u043d\u0430\u043f\u0440\u0430\u0432\u043b\u0435\u043d\u0438\u044f\u043c \u043d\u0430\u0443\u043a\u0438.\r\n\r\n\u041c\u043e\u0434\u0443\u043b\u044c Discovery Znanium \u044f\u0432\u043b\u044f\u0435\u0442\u0441\u044f \u043f\u043e\u0438\u0441\u043a\u043e\u0432\u043e-\u0430\u043d\u0430\u043b\u0438\u0442\u0438\u0447\u0435\u0441\u043a\u043e\u0439 \u0441\u0438\u0441\u0442\u0435\u043c\u043e\u0439, \u043a\u043e\u0442\u043e\u0440\u0430\u044f \u0437\u043d\u0430\u0447\u0438\u0442\u0435\u043b\u044c\u043d\u043e \u0440\u0430\u0441\u0448\u0438\u0440\u044f\u0435\u0442 \u0432\u043e\u0437\u043c\u043e\u0436\u043d\u043e\u0441\u0442\u0438 \u043f\u043b\u0430\u0442\u0444\u043e\u0440\u043c\u044b Znanium https://search.znanium.com/\u043f\u0440\u0435\u0434\u043e\u0441\u0442\u0430\u0432\u043b\u044f\u044e\u0449\u0435\u0439 \u0441\u0435\u043c\u0430\u043d\u0442\u0438\u0447\u0435\u0441\u043a\u0438\u0439 \u043f\u043e\u043b\u043d\u043e\u0442\u0435\u043a\u0441\u0442\u043e\u0432\u044b\u0439 \u043f\u043e\u0438\u0441\u043a \u043f\u043e \u043c\u043d\u043e\u0433\u043e\u0447\u0438\u0441\u043b\u0435\u043d\u043d\u044b\u043c \u0434\u043e\u043a\u0443\u043c\u0435\u043d\u0442\u0430\u043c, \u0440\u0430\u0437\u043c\u0435\u0449\u0435\u043d\u043d\u044b\u043c \u0432 \u0440\u0435\u043f\u043e\u0437\u0438\u0442\u043e\u0440\u0438\u044f\u0445 \u0438 \u042d\u0411\u0421 \u0432\u0443\u0437\u043e\u0432, \u0431\u043e\u043b\u044c\u0448\u043e\u043c\u0443 \u043c\u0430\u0441\u0441\u0438\u0432\u0443 \u043f\u0435\u0440\u0438\u043e\u0434\u0438\u0447\u0435\u0441\u043a\u0438\u0445 \u0438\u0437\u0434\u0430\u043d\u0438\u0439, \u0437\u0430\u0440\u0443\u0431\u0435\u0436\u043d\u044b\u043c \u0440\u0435\u0441\u0443\u0440\u0441\u0430\u043c Open Access.\r\n\r\n\u0412 \u0441\u0438\u0441\u0442\u0435\u043c\u0435 \u043f\u0440\u0435\u0434\u0443\u0441\u043c\u043e\u0442\u0440\u0435\u043d\u0430 \u0432\u043e\u0437\u043c\u043e\u0436\u043d\u043e\u0441\u0442\u044c \u0441\u0442\u0443\u0434\u0435\u043d\u0442\u0430\u043c \u0441 \u043e\u0433\u0440\u0430\u043d\u0438\u0447\u0435\u043d\u043d\u044b\u043c\u0438 \u0432\u043e\u0437\u043c\u043e\u0436\u043d\u043e\u0441\u0442\u044f\u043c\u0438 \u0437\u0434\u043e\u0440\u043e\u0432\u044c\u044f \u043f\u043e\u043b\u0443\u0447\u0438\u0442\u044c \u0434\u043e\u0441\u0442\u0443\u043f \u043a \u0430\u0434\u0430\u043f\u0442\u0438\u0432\u043d\u043e\u0439 \u0432\u0435\u0440\u0441\u0438\u0438 \u0441\u0430\u0439\u0442\u0430 \u00abZnanium\u00bb \u0438 \u043a\u043e \u0432\u0441\u0435\u043c \u0441\u043e\u0434\u0435\u0440\u0436\u0430\u0449\u0438\u043c\u0441\u044f \u0432 \u042d\u0411\u0421 \u0440\u0435\u0441\u0443\u0440\u0441\u0430\u043c.\r\n\r\n\u0414\u043e\u0441\u0442\u0443\u043f \u043a \u043a\u043e\u043b\u043b\u0435\u043a\u0446\u0438\u044f\u043c \u043e\u0440\u0433\u0430\u043d\u0438\u0437\u043e\u0432\u0430\u043d \u0441\u043e \u0432\u0441\u0435\u0445 \u043a\u043e\u043c\u043f\u044c\u044e\u0442\u0435\u0440\u043e\u0432 \u0426\u0435\u043d\u0442\u0440\u0430\u043b\u044c\u043d\u043e\u0433\u043e, \u0417\u0430\u043f\u0430\u0434\u043d\u043e\u0433\u043e, \u0412\u043e\u0441\u0442\u043e\u0447\u043d\u043e\u0433\u043e, \u0412\u043e\u0441\u0442\u043e\u0447\u043d\u043e\u0433\u043e \u043c\u0435\u0434\u0438\u0446\u0438\u043d\u0441\u043a\u043e\u0433\u043e, \u041c\u0435\u0434\u0438\u0446\u0438\u043d\u0441\u043a\u043e\u0433\u043e \u0438 \u0418\u0441\u0441\u044b\u043a \u2013 \u041a\u0443\u043b\u044c\u0441\u043a\u043e\u0433\u043e \u043a\u0430\u043c\u043f\u0443\u0441\u043e\u0432. \u0414\u043b\u044f \u0443\u0434\u0430\u043b\u0435\u043d\u043d\u043e\u0433\u043e \u0434\u043e\u0441\u0442\u0443\u043f\u0430 \u043d\u0435\u043e\u0431\u0445\u043e\u0434\u0438\u043c\u043e \u0437\u0430\u0440\u0435\u0433\u0438\u0441\u0442\u0440\u0438\u0440\u043e\u0432\u0430\u0442\u044c\u0441\u044f \u0441 \u043a\u043e\u043c\u043f\u044c\u044e\u0442\u0435\u0440\u043e\u0432 \u0432\u044b\u0448\u0435\u0443\u043a\u0430\u0437\u0430\u043d\u043d\u044b\u0445 \u043a\u0430\u043c\u043f\u0443\u0441\u043e\u0432. \r\n\u0418\u043d\u0441\u0442\u0440\u0443\u043a\u0446\u0438\u044f \u0434\u043b\u044f \u043f\u0440\u0435\u043f\u043e\u0434\u0430\u0432\u0430\u0442\u0435\u043b\u0435\u0439: https://new.znanium.com/help/teacher\r\n\u0418\u043d\u0441\u0442\u0440\u0443\u043a\u0446\u0438\u044f \u0434\u043b\u044f \u0441\u0442\u0443\u0434\u0435\u043d\u0442\u043e\u0432: https://new.znanium.com/help/user\r\n\r\n\u0417\u0430 \u0434\u043e\u043f\u043e\u043b\u043d\u0438\u0442\u0435\u043b\u044c\u043d\u043e\u0439 \u0438\u043d\u0444\u043e\u0440\u043c\u0430\u0446\u0438\u0435\u0439 \u043e\u0431\u0440\u0430\u0449\u0430\u0442\u044c\u0441\u044f \u0432 \u041d\u0430\u0443\u0447\u043d\u0443\u044e \u0431\u0438\u0431\u043b\u0438\u043e\u0442\u0435\u043a\u0443 \u0417\u0430\u043f\u0430\u0434\u043d\u043e\u0433\u043e \u043a\u0430\u043c\u043f\u0443\u0441\u0430 \u043f\u043e \u0442\u0435\u043b. 312613634, 312610614, \u0438\u043b\u0438 \u043f\u043e email: slibrary.iuk@gmail.com",
    "created_at": "2019-12-27T07:23:39.732Z",
    "photo": "news_images/_elektronno-bibliotechnaya-sistema-ebs-znanium.jpg"
  }
},
{
  "model": "webapp.announcements",
  "pk": 1,
  "fields": {
    "title": "\u2014 \u0417\u0430\u0440\u0443\u0431\u0435\u0436\u043d\u044b\u0439 \u043e\u0431\u0440\u0430\u0437\u043e\u0432\u0430\u0442\u0435\u043b\u044c\u043d\u044b\u0439 \u0446\u0435\u043d\u0442\u0440 \u0443\u043d\u0438\u0432\u0435\u0440\u0441\u0438\u0442\u0435\u0442\u0430 \u0418\u043d\u0434\u0438\u0440\u0430 \u0413\u0430\u043d\u0434\u0438 (\u0418\u043d\u0434\u0438\u044f) \u0414\u0438\u0441\u0442\u0430\u043d\u0446\u0438\u043e\u043d\u043d\u043e\u0435 \u043e\u0431\u0440\u0430\u0437\u043e\u0432\u0430\u043d\u0438\u0435!",
    "text": "\u0417\u0430\u0440\u0443\u0431\u0435\u0436\u043d\u044b\u0439 \u043e\u0431\u0440\u0430\u0437\u043e\u0432\u0430\u0442\u0435\u043b\u044c\u043d\u044b\u0439 \u0446\u0435\u043d\u0442\u0440 \u0443\u043d\u0438\u0432\u0435\u0440\u0441\u0438\u0442\u0435\u0442\u0430 \u0418\u043d\u0434\u0438\u0440\u0430 \u0413\u0430\u043d\u0434\u0438 (\u0418\u043d\u0434\u0438\u044f) \u0441 13 \u043f\u043e 31 \u044f\u043d\u0432\u0430\u0440\u044f 2020 \u0433. \u043f\u0440\u043e\u0434\u043e\u043b\u0436\u0430\u0435\u0442 \u043d\u0430\u0431\u043e\u0440 \u0432 \u0431\u0430\u043a\u0430\u043b\u0430\u0432\u0440\u0438\u0430\u0442. \u041e\u0431\u0443\u0447\u0435\u043d\u0438\u0435 \u0434\u0438\u0441\u0442\u0430\u043d\u0446\u0438\u043e\u043d\u043d\u043e\u0435 \u2013 3 \u0433\u043e\u0434\u0430. \u0414\u0438\u043f\u043b\u043e\u043c \u043f\u0440\u0438\u0437\u043d\u0430\u0435\u0442\u0441\u044f \u0432 54 \u0441\u0442\u0440\u0430\u043d\u0430\u0445 \u0411\u0440\u0438\u0442\u0430\u043d\u0441\u043a\u043e\u0433\u043e \u0421\u043e\u0434\u0440\u0443\u0436\u0435\u0441\u0442\u0432\u0430. \r\n\u0422\u0435\u043b \u2013 61 39 46, 61 39 77, 0706490015, kelkamilya@gmail.com",
    "created_at": "2020-01-14T14:59:40.952Z",
    "photo": "announce_image/_zarubezhnyy-obrazovatelnyy-centr-universiteta-indira-gandi-indiya-distan_TraWCHw.jpg"
  }
},
{
  "model": "webapp.announcements",
  "pk": 2,
  "fields": {
    "title": "\u2014 \u0412 \u041c\u043e\u043b\u043e\u0434\u0435\u0436\u043d\u043e\u043c \u0446\u0435\u043d\u0442\u0440\u0435 \u0423\u041d\u041f\u041a \u00ab\u041c\u0423\u041a\u00bb \u043f\u0440\u043e\u0439\u0434\u0435\u0442 \u0433\u043e\u0441\u0442\u0435\u0432\u0430\u044f \u043b\u0435\u043a\u0446\u0438\u044f \u044d\u043a\u0441\u043f\u0435\u0440\u0442\u0430 \u0438\u0437 \u0421\u0430\u043d\u043a\u0442-\u041f\u0435\u0442\u0435\u0440\u0431\u0443\u0440\u0433\u0430 \u043e \u043f\u0440\u0438\u043c\u0435\u043d\u0435\u043d\u0438\u0438 \u043b\u0430\u0437\u0435\u0440\u043e\u0432 \u0432 \u043c\u0435\u0434\u0438\u0446\u0438\u043d\u0435",
    "text": "13 \u044f\u043d\u0432\u0430\u0440\u044f 2020 \u0433\u043e\u0434\u0430 \u0441 10.00 \u0434\u043e 12.00 \u0432 \u041c\u043e\u043b\u043e\u0434\u0435\u0436\u043d\u043e\u043c \u0446\u0435\u043d\u0442\u0440\u0435 \u0423\u041d\u041f\u041a \u00ab\u041c\u0423\u041a\u00bb (\u0441\u0438\u043d\u0438\u0439-\u0437\u0430\u043b) \u0441\u043e\u0441\u0442\u043e\u0438\u0442\u0441\u044f \u0433\u043e\u0441\u0442\u0435\u0432\u0430\u044f \u043b\u0435\u043a\u0446\u0438\u044f \u0430\u0441\u0441\u0438\u0441\u0442\u0435\u043d\u0442\u0430 \u0412\u044b\u0441\u0448\u0435\u0439 \u0448\u043a\u043e\u043b\u044b \u043f\u0440\u0438\u043a\u043b\u0430\u0434\u043d\u043e\u0439 \u0444\u0438\u0437\u0438\u043a\u0438 \u0438 \u043a\u043e\u0441\u043c\u0438\u0447\u0435\u0441\u043a\u0438\u0445 \u0442\u0435\u0445\u043d\u043e\u043b\u043e\u0433\u0438\u0439 \u00ab\u0418\u043d\u0441\u0442\u0438\u0442\u0443\u0442\u0430 \u0444\u0438\u0437\u0438\u043a\u0438, \u043d\u0430\u043d\u043e\u0442\u0435\u0445\u043d\u043e\u043b\u043e\u0433\u0438\u0439 \u0438 \u0442\u0435\u043b\u0435\u043a\u043e\u043c\u043c\u0443\u043d\u0438\u043a\u0430\u0446\u0438\u0439 \u0421\u0430\u043d\u043a\u0442-\u041f\u0435\u0442\u0435\u0440\u0431\u0443\u0440\u0433\u0441\u043a\u043e\u0433\u043e \u041f\u043e\u043b\u0438\u0442\u0435\u0445\u043d\u0438\u0447\u0435\u0441\u043a\u043e\u0433\u043e \u0443\u043d\u0438\u0432\u0435\u0440\u0441\u0438\u0442\u0435\u0442\u0430 \u041f\u0435\u0442\u0440\u0430 \u0412\u0435\u043b\u0438\u043a\u043e\u0433\u043e\u00bb \u0421\u0430\u0432\u0447\u0435\u043d\u043a\u043e \u0415\u043a\u0430\u0442\u0435\u0440\u0438\u043d\u044b \u0410\u043b\u0435\u043a\u0441\u0430\u043d\u0434\u0440\u043e\u0432\u043d\u044b.\r\n\r\n\u0422\u0435\u043c\u0430 \u043b\u0435\u043a\u0446\u0438\u0438: \u00ab\u041a\u043b\u0430\u0441\u0441\u0438\u0444\u0438\u043a\u0430\u0446\u0438\u044f \u0438 \u043f\u0440\u0438\u043c\u0435\u043d\u0435\u043d\u0438\u0435 \u043b\u0430\u0437\u0435\u0440\u043e\u0432 \u0432 \u043c\u0435\u0434\u0438\u0446\u0438\u043d\u0435\u00bb.\r\n\r\n\u041f\u0440\u0438\u0433\u043b\u0430\u0448\u0430\u044e\u0442\u0441\u044f \u0441\u0442\u0443\u0434\u0435\u043d\u0442\u044b \u043d\u0430\u043f\u0440\u0430\u0432\u043b\u0435\u043d\u0438\u0439 \u00ab\u0418\u043d\u0444\u043e\u0440\u043c\u0430\u0442\u0438\u043a\u0430 \u0438 \u0432\u044b\u0447\u0438\u0441\u043b\u0438\u0442\u0435\u043b\u044c\u043d\u0430\u044f \u0442\u0435\u0445\u043d\u0438\u043a\u0430\u00bb, \u00ab\u0418\u043d\u0444\u043e\u0440\u043c\u0430\u0446\u0438\u043e\u043d\u043d\u044b\u0435 \u0441\u0438\u0441\u0442\u0435\u043c\u044b \u0438 \u0442\u0435\u0445\u043d\u043e\u043b\u043e\u0433\u0438\u0438\u00bb, \u0430 \u0442\u0430\u043a\u0436\u0435 \u0432\u0441\u0435 \u0436\u0435\u043b\u0430\u044e\u0449\u0438\u0435.\r\n\r\n\u041e\u0440\u0433\u0430\u043d\u0438\u0437\u0430\u0442\u043e\u0440\u0430\u043c \u043c\u0435\u0440\u043e\u043f\u0440\u0438\u044f\u0442\u0438\u044f \u044f\u0432\u043b\u044f\u044e\u0442\u0441\u044f \u043a\u0430\u0444\u0435\u0434\u0440\u0430 \u041a\u043e\u043c\u043f\u044c\u044e\u0442\u0435\u0440\u043d\u044b\u0445 \u0438\u043d\u0444\u043e\u0440\u043c\u0430\u0446\u0438\u043e\u043d\u043d\u044b\u0445 \u0441\u0438\u0441\u0442\u0435\u043c \u0438 \u0443\u043f\u0440\u0430\u0432\u043b\u0435\u043d\u0438\u044f\u00bb \u0423\u041d\u041f\u041a \u041c\u0423\u041a.",
    "created_at": "2020-01-14T15:05:33.803Z",
    "photo": "announce_image/lekciya-eksperta-iz-medicine.jpg"
  }
},
{
  "model": "webapp.announcements",
  "pk": 3,
  "fields": {
    "title": "\u2014 \u0412\u043d\u0438\u043c\u0430\u043d\u0438\u0435! \u0412\u043d\u0438\u043c\u0430\u043d\u0438\u0435! \u0412\u043d\u0438\u043c\u0430\u043d\u0438\u0435!",
    "text": "\u0425\u043e\u0442\u0438\u0442\u0435 \u043f\u043e\u043b\u0443\u0447\u0438\u0442\u044c \u0434\u0438\u043f\u043b\u043e\u043c, \u043a\u043e\u0442\u043e\u0440\u044b\u0439 \u043f\u0440\u0438\u0437\u043d\u0430\u0435\u0442\u0441\u044f \u0432 \u0441\u0442\u0440\u0430\u043d\u0430\u0445 \u0411\u0440\u0438\u0442\u0430\u043d\u0441\u043a\u043e\u0433\u043e \u0441\u043e\u0434\u0440\u0443\u0436\u0435\u0441\u0442\u0432\u0430 (54 \u0441\u0442\u0440\u0430\u043d\u044b)?\r\n\r\n\u0417\u0430\u0440\u0443\u0431\u0435\u0436\u043d\u044b\u0439 \u043e\u0431\u0440\u0430\u0437\u043e\u0432\u0430\u0442\u0435\u043b\u044c\u043d\u044b\u0439 \u0446\u0435\u043d\u0442\u0440 - \u0426\u0435\u043d\u0442\u0440\u0430\u043b\u044c\u043d\u043e\u0430\u0437\u0438\u0430\u0442\u0441\u043a\u043e-\u0418\u043d\u0434\u0438\u0439\u0441\u043a\u0438\u0439 \u0438\u043d\u0441\u0442\u0438\u0442\u0443\u0442 \u0434\u0438\u0441\u0442\u0430\u043d\u0446\u0438\u043e\u043d\u043d\u043e\u0433\u043e \u043e\u0431\u0440\u0430\u0437\u043e\u0432\u0430\u043d\u0438\u044f \u041d\u0430\u0446\u0438\u043e\u043d\u0430\u043b\u044c\u043d\u043e\u0433\u043e \u043e\u0442\u043a\u0440\u044b\u0442\u043e\u0433\u043e \u0443\u043d\u0438\u0432\u0435\u0440\u0441\u0438\u0442\u0435\u0442\u0430 \u0438\u043c\u0435\u043d\u0438 \u0418\u043d\u0434\u0438\u0440\u044b \u0413\u0430\u043d\u0434\u0438 (\u0418\u0413\u041d\u041e\u0423) \u043f\u0440\u0438 \u0423\u041d\u041f\u041a \u00ab\u041c\u0435\u0436\u0434\u0443\u043d\u0430\u0440\u043e\u0434\u043d\u044b\u0439 \u0443\u043d\u0438\u0432\u0435\u0440\u0441\u0438\u0442\u0435\u0442 \u041a\u044b\u0440\u0433\u044b\u0437\u0441\u0442\u0430\u043d\u0430\u00bb \u043e\u0431\u044a\u044f\u0432\u043b\u044f\u0435\u0442 \u0437\u0438\u043c\u043d\u0438\u0439 \u043d\u0430\u0431\u043e\u0440 \u0430\u0431\u0438\u0442\u0443\u0440\u0438\u0435\u043d\u0442\u043e\u0432 \u043d\u0430 2020-21 \u0443\u0447\u0435\u0431\u043d\u044b\u0439 \u0433\u043e\u0434.\r\n\r\n\u041e\u0411\u0423\u0427\u0415\u041d\u0418\u0415 \u041d\u0410 \u0410\u041d\u0413\u041b\u0418\u0419\u0421\u041a\u041e\u041c \u042f\u0417\u042b\u041a\u0415\r\n\r\n\u0421\u0442\u0443\u0434\u0435\u043d\u0442\u0430\u043c, \u0432\u043b\u0430\u0434\u0435\u044e\u0449\u0438\u043c \u0430\u043d\u0433\u043b\u0438\u0439\u0441\u043a\u0438\u043c \u044f\u0437\u044b\u043a\u043e\u043c \u0432 \u0437\u0430\u0432\u0438\u0441\u0438\u043c\u043e\u0441\u0442\u0438 \u043e\u0442 \u0443\u0440\u043e\u0432\u043d\u044f \u0437\u043d\u0430\u043d\u0438\u0439, \u0441\u043a\u0438\u0434\u043a\u0430 10-30%. \u0421\u0442\u0443\u0434\u0435\u043d\u0442\u0430\u043c, \u043d\u0435 \u0432\u043b\u0430\u0434\u0435\u044e\u0449\u0438\u043c \u0430\u043d\u0433\u043b\u0438\u0439\u0441\u043a\u0438\u043c \u044f\u0437\u044b\u043a\u043e\u043c, \u043f\u0440\u0435\u0434\u043e\u0441\u0442\u0430\u0432\u043b\u044f\u0435\u0442\u0441\u044f \u0432\u043e\u0437\u043c\u043e\u0436\u043d\u043e\u0441\u0442\u044c \u0438\u0437\u0443\u0447\u0435\u043d\u0438\u044f \u0430\u043d\u0433\u043b\u0438\u0439\u0441\u043a\u043e\u0433\u043e \u044f\u0437\u044b\u043a\u0430 4-6 \u043c\u0435\u0441\u044f\u0446\u0435\u0432 \u0441 \u0432\u043e\u0437\u043c\u043e\u0436\u043d\u043e\u0441\u0442\u044c\u044e \u043f\u0440\u043e\u0445\u043e\u0436\u0434\u0435\u043d\u0438\u044f \u0441\u0442\u0430\u0436\u0438\u0440\u043e\u0432\u043a\u0438 \u0432 \u0418\u043d\u0434\u0438\u0438.\r\n\r\n\u041f\u0440\u0435\u0434\u043b\u0430\u0433\u0430\u044e\u0442\u0441\u044f \u043f\u0440\u043e\u0433\u0440\u0430\u043c\u043c\u044b: \u0431\u0430\u043a\u0430\u043b\u0430\u0432\u0440\u0438\u0430\u0442\u0430 \u2013 3 \u0433\u043e\u0434\u0430, \u043c\u0430\u0433\u0438\u0441\u0442\u0440\u0430\u0442\u0443\u0440\u044b \u2013 2 \u0433\u043e\u0434\u0430, \u0434\u043e\u043a\u0442\u043e\u0440\u0430\u043d\u0442\u0443\u0440\u044b PhD -3 \u0433\u043e\u0434\u0430, \u043f\u043e\u0441\u0442-\u0434\u0438\u043f\u043b\u043e\u043c\u043d\u044b\u0435 \u2013 \u043e\u0442 6 \u043c\u0435\u0441\u044f\u0446\u0435\u0432 \u0434\u043e 1 \u0433\u043e\u0434\u0430.\r\n\r\n\u041f\u0440\u0438\u0435\u043c \u0434\u043e\u043a\u0443\u043c\u0435\u043d\u0442\u043e\u0432 \u0441 23 \u0434\u0435\u043a\u0430\u0431\u0440\u044f 2019 \u0433\u043e\u0434\u0430 \u043f\u043e 13 \u044f\u043d\u0432\u0430\u0440\u044f 2020 \u0433\u043e\u0434\u0430. \u0417\u0430 \u043f\u043e\u0434\u0440\u043e\u0431\u043d\u043e\u0439 \u0438\u043d\u0444\u043e\u0440\u043c\u0430\u0446\u0438\u0435\u0439 \u043e\u0431\u0440\u0430\u0449\u0430\u0439\u0442\u0435\u0441\u044c \u0432 \u041c\u0435\u0436\u0434\u0443\u043d\u0430\u0440\u043e\u0434\u043d\u044b\u0439 \u0443\u043d\u0438\u0432\u0435\u0440\u0441\u0438\u0442\u0435\u0442 \u041a\u044b\u0440\u0433\u044b\u0437\u0441\u0442\u0430\u043d\u0430, \u043f\u043e \u0430\u0434\u0440\u0435\u0441\u0443 \u043f\u0440\u043e\u0441\u043f\u0435\u043a\u0442 \u0427\u0443\u0439, 255, \u043a\u0430\u0431\u0438\u043d\u0435\u0442 201\u0430. \u042d\u043b\u0435\u043a\u0442\u0440\u043e\u043d\u043d\u044b\u0439 \u0430\u0434\u0440\u0435\u0441: kamilya2020@yahoo.com. \u0422\u0435\u043b. (+996-312) 61-39-46.\r\n\r\n\u0418\u0413\u041d\u041e\u0423 \u0438\u043c\u0435\u0435\u0442 29 \u0434\u0435\u0439\u0441\u0442\u0432\u0443\u044e\u0449\u0438\u0445 \u0437\u0430\u0440\u0443\u0431\u0435\u0436\u043d\u044b\u0445 \u043e\u0431\u0440\u0430\u0437\u043e\u0432\u0430\u0442\u0435\u043b\u044c\u043d\u044b\u0445 \u0446\u0435\u043d\u0442\u0440\u043e\u0432 (\u0417\u041e\u0426) \u0432 15 \u0441\u0442\u0440\u0430\u043d\u0430\u0445 \u0438 \u043f\u0440\u0435\u0434\u043b\u0430\u0433\u0430\u0435\u0442 226 \u0430\u043a\u0430\u0434\u0435\u043c\u0438\u0447\u0435\u0441\u043a\u0438\u0445 \u043f\u0440\u043e\u0433\u0440\u0430\u043c\u043c \u0431\u0430\u043a\u0430\u043b\u0430\u0432\u0440\u0430, \u043c\u0430\u0433\u0438\u0441\u0442\u0440\u0430, \u0434\u043e\u043a\u0442\u043e\u0440\u0430 \u0444\u0438\u043b\u043e\u0441\u043e\u0444\u0438\u0438 PhD \u0438 \u043f\u043e\u0441\u043b\u0435 \u0434\u0438\u043f\u043b\u043e\u043c\u043d\u043e\u0433\u043e \u043e\u0431\u0443\u0447\u0435\u043d\u0438\u044f.\r\n\r\n\u0418\u0413\u041d\u041e\u0423 \u0441\u043e\u0437\u0434\u0430\u043d \u0432 1985 \u0433\u043e\u0434\u0443 \u0438 \u044f\u0432\u043b\u044f\u0435\u0442\u0441\u044f \u043a\u0440\u0443\u043f\u043d\u0435\u0439\u0448\u0438\u043c \u0432 \u043c\u0438\u0440\u0435 \u0443\u043d\u0438\u0432\u0435\u0440\u0441\u0438\u0442\u0435\u0442\u043e\u043c, \u043a\u043e\u0442\u043e\u0440\u044b\u0439 \u0430\u043a\u043a\u0440\u0435\u0434\u0438\u0442\u043e\u0432\u0430\u043d \u043a\u0430\u043a \u043e\u0442\u043a\u0440\u044b\u0442\u044b\u0439 \u0443\u043d\u0438\u0432\u0435\u0440\u0441\u0438\u0442\u0435\u0442 \u0441 \u0441\u0438\u0441\u0442\u0435\u043c\u043e\u0439 \u0434\u0438\u0441\u0442\u0430\u043d\u0446\u0438\u043e\u043d\u043d\u043e\u0433\u043e \u043e\u0431\u0440\u0430\u0437\u043e\u0432\u0430\u043d\u0438\u044f \u0432 \u0418\u043d\u0434\u0438\u0438.\r\n\r\n\u041f\u0440\u0435\u0437\u0438\u0434\u0435\u043d\u0442 \u0418\u043d\u0434\u0438\u0438 \u044f\u0432\u043b\u044f\u0435\u0442\u0441\u044f \u043e\u0444\u0438\u0446\u0438\u0430\u043b\u044c\u043d\u044b\u043c \u0433\u043b\u0430\u0432\u043e\u0439 \u0418\u0413\u041d\u041e\u0423. \u0423\u043d\u0438\u0432\u0435\u0440\u0441\u0438\u0442\u0435\u0442 \u043d\u0430\u0445\u043e\u0434\u0438\u0442\u0441\u044f \u0432 \u0432\u0435\u0434\u0435\u043d\u0438\u0438 \u0426\u0435\u043d\u0442\u0440\u0430\u043b\u044c\u043d\u043e\u0433\u043e \u043f\u0440\u0430\u0432\u0438\u0442\u0435\u043b\u044c\u0441\u0442\u0432\u0430 \u0418\u043d\u0434\u0438\u0438.\r\n\r\n\u0412 2019 \u0433\u043e\u0434\u0443 \u043d\u0430 \u043e\u0441\u043d\u043e\u0432\u0435 \u0437\u0430\u044f\u0432\u043a\u0438 \u0418\u0413\u041d\u041e\u0423 (Nos.IG/ID/18/07/Vol-IV/15024 \u043e\u0442 20.12.2018) \u043f\u043e\u043b\u0443\u0447\u0435\u043d\u043e \u043e\u0434\u043e\u0431\u0440\u0435\u043d\u0438\u0435 \u043e \u0441\u043e\u0437\u0434\u0430\u043d\u0438\u0438 \u0437\u0430\u0440\u0443\u0431\u0435\u0436\u043d\u043e\u0433\u043e \u043e\u0431\u0440\u0430\u0437\u043e\u0432\u0430\u0442\u0435\u043b\u044c\u043d\u043e\u0433\u043e \u0446\u0435\u043d\u0442\u0440\u0430 \u043e\u0442 \u043f\u0440\u0435\u0437\u0438\u0434\u0435\u043d\u0442\u0430 \u0438 \u0414\u0435\u043f\u0430\u0440\u0442\u0430\u043c\u0435\u043d\u0442\u0430 \u0432\u044b\u0441\u0448\u0435\u0433\u043e \u043e\u0431\u0440\u0430\u0437\u043e\u0432\u0430\u043d\u0438\u044f \u0438 \u043e\u0442\u0434\u0435\u043b\u0430 \u0434\u0438\u0441\u0442\u0430\u043d\u0446\u0438\u043e\u043d\u043d\u043e\u0433\u043e \u043e\u0431\u0443\u0447\u0435\u043d\u0438\u044f \u043f\u0440\u0438 \u041c\u0438\u043d\u0438\u0441\u0442\u0435\u0440\u0441\u0442\u0432\u0435 \u0440\u0430\u0437\u0432\u0438\u0442\u0438\u044f \u0447\u0435\u043b\u043e\u0432\u0435\u0447\u0435\u0441\u043a\u0438\u0445 \u0440\u0435\u0441\u0443\u0440\u0441\u043e\u0432 \u0418\u043d\u0434\u0438\u0438.\r\n\r\n\u0411\u043e\u043b\u0435\u0435 \u043f\u043e\u0434\u0440\u043e\u0431\u043d\u0430\u044f \u0438\u043d\u0444\u043e\u0440\u043c\u0430\u0446\u0438\u044f >> \u0418\u0413\u041d\u041e\u0423",
    "created_at": "2020-01-14T15:07:11.508Z",
    "photo": "announce_image/_vnimanie-vnimanie-vnimanie.jpg"
  }
},
{
  "model": "webapp.auditory",
  "pk": 2,
  "fields": {
    "name": "501",
    "places": 5,
    "description": ""
  }
},
{
  "model": "webapp.auditory",
  "pk": 3,
  "fields": {
    "name": "101",
    "places": 1000,
    "description": "\u0435\u0441\u0442\u044c \u043a\u043e\u043d\u0434\u0438\u0446\u0438\u043e\u043d\u0435\u0440"
  }
},
{
  "model": "webapp.auditory",
  "pk": 4,
  "fields": {
    "name": "305",
    "places": 200,
    "description": "\u0435\u0441\u0442\u044c \u043f\u0440\u043e\u0435\u043a\u0442\u043e\u0440"
  }
},
{
  "model": "webapp.auditory",
  "pk": 5,
  "fields": {
    "name": "407",
    "places": 15,
    "description": "\u043e\u0441\u0442\u0430\u0449\u0435\u043d \u043a\u043e\u043c\u043f\u044c\u044e\u0442\u0435\u0440\u0430\u043c\u0438"
  }
},
{
  "model": "webapp.grade",
  "pk": 2,
  "fields": {
    "value": "2",
    "description": "\u041d\u0435\u0443\u0434\u043e\u0432\u043b\u0435\u0442\u0432\u043e\u0440\u0438\u0442\u0435\u043b\u044c\u043d\u043e. \u0411\u0430\u043b\u043b \u00ab2\u00bb \u0441\u0442\u0430\u0432\u0438\u0442\u0441\u044f \u0432 \u0441\u043b\u0443\u0447\u0430\u0435, \u043a\u043e\u0433\u0434\u0430 \u0443 \u0443\u0447\u0435\u043d\u0438\u043a\u0430 \u043e\u0431\u043d\u0430\u0440\u0443\u0436\u0438\u0432\u0430\u0435\u0442\u0441\u044f \u043d\u0435\u0437\u043d\u0430\u043d\u0438\u0435 \u0431\u043e\u043b\u044c\u0448\u043e\u0439 \u0447\u0430\u0441\u0442\u0438 \u043f\u0440\u043e\u0433\u0440\u0430\u043c\u043c\u043d\u043e\u0433\u043e \u043c\u0430\u0442\u0435\u0440\u0438\u0430\u043b\u0430, \u043e\u0442\u0432\u0435\u0447\u0430\u0435\u0442, \u043a\u0430\u043a \u043f\u0440\u0430\u0432\u0438\u043b\u043e, \u043b\u0438\u0448\u044c \u043f\u0440\u0438 \u043f\u043e\u043c\u043e\u0449\u0438 \u043d\u0430\u0432\u043e\u0434\u044f\u0449\u0438\u0445 \u0432\u043e\u043f\u0440\u043e\u0441\u043e\u0432 \u0443\u0447\u0438\u0442\u0435\u043b\u044f, \u043d\u0435\u0443\u0432\u0435\u0440\u0435\u043d\u043d\u043e. \u0412 \u043f\u0438\u0441\u044c\u043c\u0435\u043d\u043d\u044b\u0445 \u0440\u0430\u0431\u043e\u0442\u0430\u0445 \u0434\u043e\u043f\u0443\u0441\u043a\u0430\u0435\u0442 \u0447\u0430\u0441\u0442\u044b\u0435 \u0438 \u0433\u0440\u0443\u0431\u044b\u0435 \u043e\u0448\u0438\u0431\u043a\u0438."
  }
},
{
  "model": "webapp.grade",
  "pk": 3,
  "fields": {
    "value": "3",
    "description": "\u0423\u0434\u043e\u0432\u043b\u0435\u0442\u0432\u043e\u0440\u0438\u0442\u0435\u043b\u044c\u043d\u043e. \u0411\u0430\u043b\u043b \u00ab3\u00bb \u0441\u0442\u0430\u0432\u0438\u0442\u0441\u044f \u0432 \u0441\u043b\u0443\u0447\u0430\u0435, \u043a\u043e\u0433\u0434\u0430 \u0443 \u0443\u0447\u0430\u0449\u0435\u0433\u043e\u0441\u044f \u043e\u0431\u043d\u0430\u0440\u0443\u0436\u0438\u0432\u0430\u0435\u0442\u0441\u044f \u0437\u043d\u0430\u043d\u0438\u0435 \u043e\u0441\u043d\u043e\u0432\u043d\u043e\u0433\u043e \u043f\u0440\u043e\u0433\u0440\u0430\u043c\u043c\u043d\u043e\u0433\u043e \u0443\u0447\u0435\u0431\u043d\u043e\u0433\u043e \u043c\u0430\u0442\u0435\u0440\u0438\u0430\u043b\u0430. \u041f\u0440\u0438 \u043f\u0440\u0438\u043c\u0435\u043d\u0435\u043d\u0438\u0438 \u0437\u043d\u0430\u043d\u0438\u0439 \u043d\u0430 \u043f\u0440\u0430\u043a\u0442\u0438\u043a\u0435 \u0438\u0441\u043f\u044b\u0442\u044b\u0432\u0430\u0435\u0442 \u043d\u0435\u043a\u043e\u0442\u043e\u0440\u044b\u0435 \u0437\u0430\u0442\u0440\u0443\u0434\u043d\u0435\u043d\u0438\u044f \u0438 \u043f\u0440\u0435\u043e\u0434\u043e\u043b\u0435\u0432\u0430\u0435\u0442 \u0438\u0445 \u0441 \u043d\u0435\u0431\u043e\u043b\u044c\u0448\u043e\u0439 \u043f\u043e\u043c\u043e\u0449\u044c\u044e \u0443\u0447\u0438\u0442\u0435\u043b\u044f. \u0412 \u0443\u0441\u0442\u043d\u044b\u0445 \u043e\u0442\u0432\u0435\u0442\u0430\u0445 \u0434\u043e\u043f\u0443\u0441\u043a\u0430\u0435\u0442 \u043e\u0448\u0438\u0431\u043a\u0438 \u043f\u0440\u0438 \u0438\u0437\u043b\u043e\u0436\u0435\u043d\u0438\u0438 \u043c\u0430\u0442\u0435\u0440\u0438\u0430\u043b\u0430 \u0438 \u0432 \u043f\u043e\u0441\u0442\u0440\u043e\u0435\u043d\u0438\u0438 \u0440\u0435\u0447\u0438. \u0412 \u043f\u0438\u0441\u044c\u043c\u0435\u043d\u043d\u044b\u0445 \u0440\u0430\u0431\u043e\u0442\u0430\u0445 \u0434\u0435\u043b\u0430\u0435\u0442 \u043e\u0448\u0438\u0431\u043a\u0438."
  }
},
{
  "model": "webapp.grade",
  "pk": 4,
  "fields": {
    "value": "4",
    "description": "\u0425\u043e\u0440\u043e\u0448\u043e. \u0411\u0430\u043b\u043b \u00ab4\u00bb \u0441\u0442\u0430\u0432\u0438\u0442\u0441\u044f \u0432 \u0441\u043b\u0443\u0447\u0430\u0435, \u043a\u043e\u0433\u0434\u0430 \u0443\u0447\u0430\u0449\u0438\u0439\u0441\u044f \u0437\u043d\u0430\u0435\u0442 \u0432\u0435\u0441\u044c \u0442\u0440\u0435\u0431\u0443\u0435\u043c\u044b\u0439 \u043f\u0440\u043e\u0433\u0440\u0430\u043c\u043c\u043e\u0439 \u043c\u0430\u0442\u0435\u0440\u0438\u0430\u043b, \u0445\u043e\u0440\u043e\u0448\u043e \u043f\u043e\u043d\u0438\u043c\u0430\u0435\u0442 \u0438 \u043f\u0440\u043e\u0447\u043d\u043e \u0443\u0441\u0432\u043e\u0438\u043b \u0435\u0433\u043e. \u041d\u0430 \u0432\u043e\u043f\u0440\u043e\u0441\u044b (\u0432 \u043f\u0440\u0435\u0434\u0435\u043b\u0430\u0445 \u043f\u0440\u043e\u0433\u0440\u0430\u043c\u043c\u044b) \u043e\u0442\u0432\u0435\u0447\u0430\u0435\u0442 \u0431\u0435\u0437 \u0437\u0430\u0442\u0440\u0443\u0434\u043d\u0435\u043d\u0438\u0439. \u0423\u043c\u0435\u0435\u0442 \u043f\u0440\u0438\u043c\u0435\u043d\u044f\u0442\u044c \u043f\u043e\u043b\u0443\u0447\u0435\u043d\u043d\u044b\u0435 \u0437\u043d\u0430\u043d\u0438\u044f \u0432 \u043f\u0440\u0430\u043a\u0442\u0438\u0447\u0435\u0441\u043a\u0438\u0445 \u0437\u0430\u0434\u0430\u043d\u0438\u044f\u0445. \u0412 \u0443\u0441\u0442\u043d\u044b\u0445 \u043e\u0442\u0432\u0435\u0442\u0430\u0445 \u043f\u043e\u043b\u044c\u0437\u0443\u0435\u0442\u0441\u044f \u043b\u0438\u0442\u0435\u0440\u0430\u0442\u0443\u0440\u043d\u044b\u043c \u044f\u0437\u044b\u043a\u043e\u043c \u0438 \u043d\u0435 \u0434\u0435\u043b\u0430\u0435\u0442 \u0433\u0440\u0443\u0431\u044b\u0445 \u043e\u0448\u0438\u0431\u043e\u043a. \u0412 \u043f\u0438\u0441\u044c\u043c\u0435\u043d\u043d\u044b\u0445 \u0440\u0430\u0431\u043e\u0442\u0430\u0445 \u0434\u043e\u043f\u0443\u0441\u043a\u0430\u0435\u0442 \u0442\u043e\u043b\u044c\u043a\u043e \u043d\u0435\u0437\u043d\u0430\u0447\u0438\u0442\u0435\u043b\u044c\u043d\u044b\u0435 \u043e\u0448\u0438\u0431\u043a\u0438."
  }
},
{
  "model": "webapp.grade",
  "pk": 5,
  "fields": {
    "value": "5",
    "description": "\u041e\u0442\u043b\u0438\u0447\u043d\u043e. \u0411\u0430\u043b\u043b \u00ab5\u00bb \u0441\u0442\u0430\u0432\u0438\u0442\u0441\u044f \u0432 \u0441\u043b\u0443\u0447\u0430\u0435, \u043a\u043e\u0433\u0434\u0430 \u0443\u0447\u0430\u0449\u0438\u0439\u0441\u044f \u0438\u0441\u0447\u0435\u0440\u043f\u044b\u0432\u0430\u044e\u0449\u0435 \u0437\u043d\u0430\u0435\u0442 \u0432\u0435\u0441\u044c \u043f\u0440\u043e\u0433\u0440\u0430\u043c\u043c\u043d\u044b\u0439 \u043c\u0430\u0442\u0435\u0440\u0438\u0430\u043b, \u043e\u0442\u043b\u0438\u0447\u043d\u043e \u043f\u043e\u043d\u0438\u043c\u0430\u0435\u0442 \u0438 \u043f\u0440\u043e\u0447\u043d\u043e \u0443\u0441\u0432\u043e\u0438\u043b \u0435\u0433\u043e. \u041d\u0430 \u0432\u043e\u043f\u0440\u043e\u0441\u044b (\u0432 \u043f\u0440\u0435\u0434\u0435\u043b\u0430\u0445 \u043f\u0440\u043e\u0433\u0440\u0430\u043c\u043c\u044b) \u0434\u0430\u0435\u0442 \u043f\u0440\u0430\u0432\u0438\u043b\u044c\u043d\u044b\u0435, \u0441\u043e\u0437\u043d\u0430\u0442\u0435\u043b\u044c\u043d\u044b\u0435 \u0438 \u0443\u0432\u0435\u0440\u0435\u043d\u043d\u044b\u0435 \u043e\u0442\u0432\u0435\u0442\u044b. \u0412 \u0440\u0430\u0437\u043b\u0438\u0447\u043d\u044b\u0445 \u043f\u0440\u0430\u043a\u0442\u0438\u0447\u0435\u0441\u043a\u0438\u0445 \u0437\u0430\u0434\u0430\u043d\u0438\u044f\u0445 \u0443\u043c\u0435\u0435\u0442 \u0441\u0430\u043c\u043e\u0441\u0442\u043e\u044f\u0442\u0435\u043b\u044c\u043d\u043e \u043f\u043e\u043b\u044c\u0437\u043e\u0432\u0430\u0442\u044c\u0441\u044f \u043f\u043e\u043b\u0443\u0447\u0435\u043d\u043d\u044b\u043c\u0438 \u0437\u043d\u0430\u043d\u0438\u044f\u043c\u0438. \u0412 \u0443\u0441\u0442\u043d\u044b\u0445 \u043e\u0442\u0432\u0435\u0442\u0430\u0445 \u0438 \u043f\u0438\u0441\u044c\u043c\u0435\u043d\u043d\u044b\u0445 \u0440\u0430\u0431\u043e\u0442\u0430\u0445 \u043f\u043e\u043b\u044c\u0437\u0443\u0435\u0442\u0441\u044f \u043b\u0438\u0442\u0435\u0440\u0430\u0442\u0443\u0440\u043d\u043e \u043f\u0440\u0430\u0432\u0438\u043b\u044c\u043d\u044b\u043c \u044f\u0437\u044b\u043a\u043e\u043c \u0438 \u043d\u0435 \u0434\u043e\u043f\u0443\u0441\u043a\u0430\u0435\u0442 \u043e\u0448\u0438\u0431\u043e\u043a."
  }
},
{
  "model": "webapp.grade",
  "pk": 7,
  "fields": {
    "value": "\u043d\u0431",
    "description": "\u041f\u0440\u0438 \u043e\u0442\u0441\u0443\u0442\u0441\u0442\u0432\u0438\u0438 \u0441\u0442\u0443\u0434\u0435\u043d\u0442\u0430, \u043f\u0440\u0435\u043f\u043e\u0434\u0430\u0432\u0430\u0442\u0435\u043b\u044e \u043d\u0435\u043e\u0431\u0445\u043e\u0434\u0438\u043c\u043e \u0443\u0447\u0435\u0441\u0442\u044c \u0441\u0442\u0443\u0434\u0435\u043d\u0442\u0430 \u043a\u0430\u043a  '\u043d\u0435 \u0431\u044b\u043b'."
  }
},
{
  "model": "webapp.discipline",
  "pk": 1,
  "fields": {
    "name": "\u0418\u0441\u0442\u043e\u0440\u0438\u044f \u041a\u044b\u0440\u0433\u044b\u0437\u0441\u0442\u0430\u043d\u0430",
    "teacher": []
  }
},
{
  "model": "webapp.discipline",
  "pk": 3,
  "fields": {
    "name": "\u041c\u0438\u0440\u043e\u0432\u0430\u044f \u0438\u0441\u0442\u043e\u0440\u0438\u044f",
    "teacher": []
  }
},
{
  "model": "webapp.discipline",
  "pk": 4,
  "fields": {
    "name": "\u041f\u0440\u0430\u0432\u043e",
    "teacher": []
  }
},
{
  "model": "webapp.discipline",
  "pk": 5,
  "fields": {
    "name": "\u0410\u043d\u0433\u043b\u0438\u0439\u0441\u043a\u0438\u0439 \u044f\u0437\u044b\u043a",
    "teacher": []
  }
},
{
  "model": "webapp.discipline",
  "pk": 6,
  "fields": {
    "name": "\u0418\u0441\u0442\u043e\u0440\u0438\u044f \u0434\u0440\u0435\u0432\u043d\u0435\u0433\u043e \u043c\u0438\u0440\u0430",
    "teacher": []
  }
},
{
  "model": "webapp.discipline",
  "pk": 7,
  "fields": {
    "name": "\u0420\u0443\u0441\u0441\u043a\u0438\u0439 \u044f\u0437\u044b\u043a",
    "teacher": []
  }
},
{
  "model": "webapp.discipline",
  "pk": 8,
  "fields": {
    "name": "\u041a\u044b\u0440\u0433\u044b\u0437\u0441\u043a\u0438\u0439 \u044f\u0437\u044b\u043a",
    "teacher": []
  }
},
{
  "model": "webapp.lesson",
  "pk": 1,
  "fields": {
    "index": 1,
    "is_saturday": false,
    "start_time": "07:30:00",
    "end_time": "08:50:00"
  }
},
{
  "model": "webapp.lesson",
  "pk": 2,
  "fields": {
    "index": 2,
    "is_saturday": false,
    "start_time": "09:00:00",
    "end_time": "10:20:00"
  }
},
{
  "model": "webapp.lesson",
  "pk": 3,
  "fields": {
    "index": 3,
    "is_saturday": false,
    "start_time": "10:50:00",
    "end_time": "12:10:00"
  }
},
{
  "model": "webapp.lesson",
  "pk": 4,
  "fields": {
    "index": 4,
    "is_saturday": false,
    "start_time": "12:20:00",
    "end_time": "13:40:00"
  }
},
{
  "model": "webapp.lesson",
  "pk": 5,
  "fields": {
    "index": 5,
    "is_saturday": false,
    "start_time": "13:50:00",
    "end_time": "15:10:00"
  }
},
{
  "model": "webapp.lesson",
  "pk": 6,
  "fields": {
    "index": 6,
    "is_saturday": false,
    "start_time": "15:20:00",
    "end_time": "16:40:00"
  }
},
{
  "model": "webapp.lesson",
  "pk": 7,
  "fields": {
    "index": 7,
    "is_saturday": false,
    "start_time": "16:50:00",
    "end_time": "18:10:00"
  }
},
{
  "model": "webapp.lesson",
  "pk": 8,
  "fields": {
    "index": 8,
    "is_saturday": false,
    "start_time": "18:20:00",
    "end_time": "19:40:00"
  }
},
{
  "model": "webapp.lesson",
  "pk": 9,
  "fields": {
    "index": 1,
    "is_saturday": true,
    "start_time": "07:30:00",
    "end_time": "08:50:00"
  }
},
{
  "model": "webapp.lesson",
  "pk": 10,
  "fields": {
    "index": 2,
    "is_saturday": true,
    "start_time": "09:00:00",
    "end_time": "10:20:00"
  }
},
{
  "model": "webapp.lesson",
  "pk": 11,
  "fields": {
    "index": 3,
    "is_saturday": true,
    "start_time": "10:30:00",
    "end_time": "11:50:00"
  }
},
{
  "model": "webapp.lesson",
  "pk": 12,
  "fields": {
    "index": 4,
    "is_saturday": true,
    "start_time": "12:00:00",
    "end_time": "13:20:00"
  }
},
{
  "model": "webapp.lesson",
  "pk": 13,
  "fields": {
    "index": 5,
    "is_saturday": true,
    "start_time": "13:30:00",
    "end_time": "14:50:00"
  }
},
{
  "model": "webapp.lesson",
  "pk": 14,
  "fields": {
    "index": 6,
    "is_saturday": true,
    "start_time": "15:00:00",
    "end_time": "16:20:00"
  }
},
{
  "model": "webapp.lesson",
  "pk": 15,
  "fields": {
    "index": 7,
    "is_saturday": true,
    "start_time": "16:30:00",
    "end_time": "17:50:00"
  }
},
{
  "model": "accounts.role",
  "pk": 1,
  "fields": {
    "name": "\u041f\u0440\u0435\u043f\u043e\u0434\u0430\u0432\u0430\u0442\u0435\u043b\u044c"
  }
},
{
  "model": "accounts.role",
  "pk": 2,
  "fields": {
    "name": "\u0421\u0442\u0443\u0434\u0435\u043d\u0442"
  }
},
{
  "model": "accounts.role",
  "pk": 3,
  "fields": {
    "name": "\u0420\u043e\u0434\u0438\u0442\u0435\u043b\u044c"
  }
},
{
  "model": "accounts.role",
  "pk": 5,
  "fields": {
    "name": "\u0422\u0435\u0445\u043d\u0438\u0447\u0435\u0441\u043a\u0438\u0439 \u0440\u0430\u0431\u043e\u0442\u043d\u0438\u043a"
  }
},
{
  "model": "accounts.role",
  "pk": 6,
  "fields": {
    "name": "\u0410\u0434\u043c\u0438\u043d\u0438\u0441\u0442\u0440\u0430\u0442\u0438\u0432\u043d\u044b\u0439 \u0440\u0430\u0431\u043e\u0442\u043d\u0438\u043a"
  }
},
{
  "model": "accounts.status",
  "pk": 1,
  "fields": {
    "name": "\u041e\u0447\u043d\u0430\u044f \u0444\u043e\u0440\u043c\u0430 \u043e\u0431\u0443\u0447\u0435\u043d\u0438\u044f"
  }
},
{
  "model": "accounts.status",
  "pk": 2,
  "fields": {
    "name": "\u0417\u0430\u043e\u0447\u043d\u0430\u044f \u0444\u043e\u0440\u043c\u0430 \u043e\u0431\u0443\u0447\u0435\u043d\u0438\u044f"
  }
},
{
  "model": "accounts.status",
  "pk": 3,
  "fields": {
    "name": "\u041e\u0442\u0447\u0438\u0441\u043b\u0435\u043d"
  }
},
{
  "model": "accounts.status",
  "pk": 4,
  "fields": {
    "name": "\u041f\u043e\u043b\u043d\u0430\u044f \u0437\u0430\u043d\u044f\u0442\u043e\u0441\u0442\u044c"
  }
},
{
  "model": "accounts.status",
  "pk": 5,
  "fields": {
    "name": "\u0427\u0430\u0441\u043e\u0432\u0430\u044f \u0444\u043e\u0440\u043c\u0430 \u0440\u0430\u0431\u043e\u0442\u044b"
  }
},
{
  "model": "accounts.status",
  "pk": 6,
  "fields": {
    "name": "\u0414\u0438\u0441\u0442\u0430\u043d\u0446\u0438\u043e\u043d\u043d\u0430\u044f \u0444\u043e\u0440\u043c\u0430 \u043e\u0431\u0443\u0447\u0435\u043d\u0438\u044f"
  }
},
{
  "model": "accounts.status",
  "pk": 7,
  "fields": {
    "name": "\u0423\u0432\u043e\u043b\u0435\u043d"
  }
},
{
  "model": "accounts.adminposition",
  "pk": 2,
  "fields": {
    "name": "\u041a\u0443\u0440\u0430\u0442\u043e\u0440"
  }
},
{
  "model": "accounts.adminposition",
  "pk": 3,
  "fields": {
    "name": "\u0414\u0435\u043a\u0430\u043d"
  }
},
{
  "model": "accounts.adminposition",
  "pk": 5,
  "fields": {
    "name": "\u0423\u0431\u043e\u0440\u0449\u0438\u0446\u0430"
  }
},
{
  "model": "accounts.adminposition",
  "pk": 6,
  "fields": {
    "name": "\u0421\u0442\u0430\u0440\u043e\u0441\u0442\u0430"
  }
},
{
  "model": "accounts.socialstatus",
  "pk": 1,
  "fields": {
    "name": "\u041b\u041e\u0412\u0417"
  }
},
{
  "model": "accounts.socialstatus",
  "pk": 2,
  "fields": {
    "name": "\u041c\u043d\u043e\u0433\u043e\u0434\u0435\u0442\u043d\u0430\u044f \u0441\u0435\u043c\u044c\u044f"
  }
},
{
  "model": "accounts.socialstatus",
  "pk": 3,
  "fields": {
    "name": "\u0420\u043e\u0434\u0438\u0442\u0435\u043b\u044c \u0432\u043e\u0441\u043f\u0438\u0442\u044b\u0432\u0430\u0435\u0442 \u043e\u0434\u0438\u043d"
  }
},
{
  "model": "accounts.socialstatus",
  "pk": 4,
  "fields": {
    "name": "\u041c\u0430\u0442\u044c-\u043e\u0434\u0438\u043d\u043e\u0447\u043a\u0430"
  }
},
{
  "model": "accounts.socialstatus",
  "pk": 5,
  "fields": {
    "name": "\u0421\u0438\u0440\u043e\u0442\u0430"
  }
},
{
  "model": "accounts.profile",
  "pk": 1,
  "fields": {
    "user": [
      "student-1"
    ],
    "patronymic": "\u0421\u0435\u0440\u0438\u043a\u043e\u0432\u043d\u0430",
    "phone_number": "700456789",
    "photo": "user_pics/\u0422\u044e\u043b\u0435\u043c\u0431\u0430\u0435\u0432\u0430-\u0410\u0438\u0436\u0430\u043d-\u0421\u0435\u0440\u0438\u043a\u043e\u0432\u043d\u0430_wTzmftt.jpg",
    "address_fact": "\u0433. \u0411\u0438\u0448\u043a\u0435\u043a, \u0443\u043b. \u041c\u0430\u043d\u0430\u0441\u0430 92, \u043a\u0432 4.",
    "status": 1,
    "admin_position": null,
    "social_status": null,
    "role": [
      2
    ]
  }
},
{
  "model": "accounts.profile",
  "pk": 2,
  "fields": {
    "user": [
      "student-2"
    ],
    "patronymic": "\u0411\u0435\u043a\u0442\u0443\u0440\u043e\u0432\u0438\u0447",
    "phone_number": "555467993",
    "photo": "user_pics/5aeb176478528af50f2a98906448092e_400x400.jpeg",
    "address_fact": "\u0433. \u0411\u0438\u0448\u043a\u0435\u043a, \u0443\u043b. \u041f\u0430\u043d\u0444\u0438\u043b\u043e\u0432\u0430 33, \u043a\u0432 4.",
    "status": 1,
    "admin_position": null,
    "social_status": null,
    "role": [
      2
    ]
  }
},
{
  "model": "accounts.profile",
  "pk": 3,
  "fields": {
    "user": [
      "student-3"
    ],
    "patronymic": "\u0411\u0435\u043a\u0442\u043e\u0440\u043e\u0432\u043d\u0430",
    "phone_number": "550999789",
    "photo": "user_pics/30f14458714f090091f79defa70eca50.jpg",
    "address_fact": "\u0433. \u0411\u0438\u0448\u043a\u0435\u043a, \u0443\u043b. \u041c\u0435\u0434\u0435\u0440\u043e\u0432\u0430 33, \u043a\u0432 4.",
    "status": 1,
    "admin_position": 6,
    "social_status": null,
    "role": [
      2
    ]
  }
},
{
  "model": "accounts.profile",
  "pk": 4,
  "fields": {
    "user": [
      "student-4"
    ],
    "patronymic": "\u041a\u0443\u0430\u043d\u044b\u0448\u0435\u0432\u043d\u0430",
    "phone_number": "555666777",
    "photo": "user_pics/aiday-isaeva.jpg",
    "address_fact": "\u0433. \u0411\u0438\u0448\u043a\u0435\u043a, \u0443\u043b. \u041c\u043e\u0441\u043a\u043e\u0432\u0441\u043a\u0430\u044f 92, \u043a\u0432 48",
    "status": 1,
    "admin_position": null,
    "social_status": null,
    "role": [
      2
    ]
  }
},
{
  "model": "accounts.profile",
  "pk": 5,
  "fields": {
    "user": [
      "student-5"
    ],
    "patronymic": "\u0412\u0430\u043b\u0435\u043d\u0442\u0438\u043d\u043e\u0432\u043d\u0430",
    "phone_number": "(700) 456-6654",
    "photo": "user_pics/5653d739b21847c10e8b4571_5ac7640a52e07.jpg",
    "address_fact": "\u0433. \u0411\u0438\u0448\u043a\u0435\u043a, \u0431\u0443\u043b. \u042d\u0440\u043a\u0435\u043d\u0434\u0438\u043a 6, \u043a\u0432 42",
    "status": 1,
    "admin_position": null,
    "social_status": null,
    "role": [
      2
    ]
  }
},
{
  "model": "accounts.profile",
  "pk": 6,
  "fields": {
    "user": [
      "student-6"
    ],
    "patronymic": "\u0414\u043c\u0438\u0442\u0440\u0438\u0435\u0432\u043d\u0430",
    "phone_number": "707556743",
    "photo": "user_pics/ECc_gY2eTno.jpg",
    "address_fact": "\u0433. \u0411\u0438\u0448\u043a\u0435\u043a, \u0431\u0443\u043b. \u042d\u0440\u043a\u0435\u043d\u0434\u0438\u043a 6, \u043a\u0432 42",
    "status": 1,
    "admin_position": null,
    "social_status": null,
    "role": [
      2
    ]
  }
},
{
  "model": "accounts.profile",
  "pk": 7,
  "fields": {
    "user": [
      "student-7"
    ],
    "patronymic": "\u0410\u043d\u0430\u0442\u043e\u043b\u044c\u0435\u0432\u043d\u0430",
    "phone_number": "777677612",
    "photo": "user_pics/JUxm2zmXHDs.jpg",
    "address_fact": "\u0433. \u0411\u0438\u0448\u043a\u0435\u043a, \u0420\u0430\u0437\u0437\u0430\u043a\u043e\u0432\u0430 2, \u043a\u0432 10",
    "status": 1,
    "admin_position": null,
    "social_status": null,
    "role": [
      2
    ]
  }
},
{
  "model": "accounts.profile",
  "pk": 8,
  "fields": {
    "user": [
      "student-8"
    ],
    "patronymic": "\u0410\u043d\u0430\u0442\u043e\u043b\u044c\u0435\u0432\u0438\u0447",
    "phone_number": "777988722",
    "photo": "user_pics/2781434475.jpg",
    "address_fact": "\u0433. \u0411\u0438\u0448\u043a\u0435\u043a, \u0420\u0430\u0437\u0437\u0430\u043a\u043e\u0432\u0430 9, \u043a\u0432 22",
    "status": 1,
    "admin_position": null,
    "social_status": null,
    "role": [
      2
    ]
  }
},
{
  "model": "accounts.profile",
  "pk": 9,
  "fields": {
    "user": [
      "student-9"
    ],
    "patronymic": "\u0418\u0441\u043b\u0430\u043c\u043e\u0432\u043d\u0430",
    "phone_number": "700655009",
    "photo": "user_pics/b_660dcad1ed5de6053a61a35f32aad42c3b331a64_dNPzGem.jpg",
    "address_fact": "\u0433. \u0411\u0438\u0448\u043a\u0435\u043a, \u0443\u043b. \u041a\u0438\u0435\u0432\u0441\u043a\u0430\u044f 87, \u043a\u0432 6",
    "status": 1,
    "admin_position": null,
    "social_status": null,
    "role": [
      2
    ]
  }
},
{
  "model": "accounts.profile",
  "pk": 10,
  "fields": {
    "user": [
      "student-10"
    ],
    "patronymic": "\u0420\u043e\u043c\u0430\u043d\u043e\u0432\u0438\u0447",
    "phone_number": "700567432",
    "photo": "user_pics/unnamed.jpg",
    "address_fact": "\u0433. \u0411\u0438\u0448\u043a\u0435\u043a, \u0443\u043b. \u0420\u0430\u0437\u0437\u0430\u043a\u043e\u0432\u0430 7, \u043a\u0432. 9",
    "status": 1,
    "admin_position": null,
    "social_status": null,
    "role": [
      1
    ]
  }
},
{
  "model": "accounts.profile",
  "pk": 11,
  "fields": {
    "user": [
      "student-11"
    ],
    "patronymic": "\u041c\u0430\u043a\u0441\u0430\u0442\u043e\u0432\u0438\u0447",
    "phone_number": "506787653",
    "photo": "user_pics/unnamed_1.jpg",
    "address_fact": "\u0433. \u0411\u0438\u0448\u043a\u0435\u043a, \u0410\u0440\u0447\u0430-\u0411\u0435\u0448\u0438\u043a 46",
    "status": 1,
    "admin_position": null,
    "social_status": null,
    "role": [
      2
    ]
  }
},
{
  "model": "accounts.profile",
  "pk": 12,
  "fields": {
    "user": [
      "student-12"
    ],
    "patronymic": "\u042d\u043b\u0434\u0438\u044f\u0440\u043e\u0432\u0438\u0447",
    "phone_number": "506988776",
    "photo": "user_pics/2784804620.jpg",
    "address_fact": "\u0433. \u0411\u0438\u0448\u043a\u0435\u043a, \u043c\u043a\u0440. \u0422\u0443\u043d\u0433\u0443\u0447 22, 98",
    "status": 1,
    "admin_position": null,
    "social_status": null,
    "role": [
      2
    ]
  }
},
{
  "model": "accounts.profile",
  "pk": 13,
  "fields": {
    "user": [
      "student-13"
    ],
    "patronymic": "\u0410\u0441\u043a\u0435\u043d\u043e\u0432\u0438\u0447",
    "phone_number": "506561230",
    "photo": "user_pics/TBLMd9lEXbc.jpg",
    "address_fact": "\u0433. \u0411\u0438\u0448\u043a\u0435\u043a, \u043c\u043a\u0440. \u0414\u0436\u0430\u043b 124, \u043a\u0432 65",
    "status": 1,
    "admin_position": null,
    "social_status": null,
    "role": [
      2
    ]
  }
},
{
  "model": "accounts.passport",
  "pk": 3,
  "fields": {
    "user": [
      "student-1"
    ],
    "citizenship": "\u041a\u044b\u0440\u0433\u044b\u0437\u0441\u043a\u0430\u044f \u0420\u0435\u0441\u043f\u0443\u0431\u043b\u0438\u043a\u0430",
    "series": "AN0007772",
    "issued_by": "MKK 50-00",
    "issued_date": "2020-01-09",
    "address": "\u0433. \u0411\u0438\u0448\u043a\u0435\u043a, \u0443\u043b. \u041c\u0430\u043d\u0430\u0441\u0430 92, \u043a\u0432 4.",
    "inn": "434344343044",
    "nationality": "\u041a\u044b\u0440\u0433\u044b\u0437\u043a\u0430",
    "sex": "\u0436\u0435\u043d\u0441\u043a\u0438\u0439",
    "birth_date": "2001-05-23"
  }
},
{
  "model": "accounts.passport",
  "pk": 4,
  "fields": {
    "user": [
      "student-2"
    ],
    "citizenship": "\u041a\u044b\u0440\u0433\u044b\u0437\u0441\u043a\u0430\u044f \u0420\u0435\u0441\u043f\u0443\u0431\u043b\u0438\u043a\u0430",
    "series": "AN04557772",
    "issued_by": "MKK 50-00",
    "issued_date": "2019-02-09",
    "address": "\u0433. \u0411\u0438\u0448\u043a\u0435\u043a, \u0443\u043b. \u041f\u0430\u043d\u0444\u0438\u043b\u043e\u0432\u0430 33, \u043a\u0432 4.",
    "inn": "434342889044",
    "nationality": "\u041a\u044b\u0440\u0433\u044b\u0437",
    "sex": "\u0436\u0435\u043d\u0441\u043a\u0438\u0439",
    "birth_date": "2000-03-22"
  }
},
{
  "model": "accounts.passport",
  "pk": 5,
  "fields": {
    "user": [
      "student-3"
    ],
    "citizenship": "\u041a\u044b\u0440\u0433\u044b\u0437\u0441\u043a\u0430\u044f \u0420\u0435\u0441\u043f\u0443\u0431\u043b\u0438\u043a\u0430",
    "series": "AN009872",
    "issued_by": "MKK 50-00",
    "issued_date": "2020-02-19",
    "address": "\u0433. \u0411\u0438\u0448\u043a\u0435\u043a, \u0443\u043b. \u041c\u0435\u0434\u0435\u0440\u043e\u0432\u0430 33, \u043a\u0432 4.",
    "inn": "12238726267",
    "nationality": "\u041a\u044b\u0440\u0433\u044b\u0437\u043a\u0430",
    "sex": "\u0436\u0435\u043d\u0441\u043a\u0438\u0439",
    "birth_date": "2002-05-13"
  }
},
{
  "model": "accounts.passport",
  "pk": 6,
  "fields": {
    "user": [
      "student-4"
    ],
    "citizenship": "\u041a\u044b\u0440\u0433\u044b\u0437\u0441\u043a\u0430\u044f \u0420\u0435\u0441\u043f\u0443\u0431\u043b\u0438\u043a\u0430",
    "series": "AN048484993",
    "issued_by": "MKK 50-00",
    "issued_date": "2017-01-08",
    "address": "\u0433. \u0411\u0438\u0448\u043a\u0435\u043a, \u0443\u043b. \u041c\u043e\u0441\u043a\u043e\u0432\u0441\u043a\u0430\u044f 92, \u043a\u0432 48",
    "inn": "45526678899",
    "nationality": "\u041a\u044b\u0440\u0433\u044b\u0437\u043a\u0430",
    "sex": "\u0436\u0435\u043d\u0441\u043a\u0438\u0439",
    "birth_date": "2002-07-12"
  }
},
{
  "model": "accounts.passport",
  "pk": 7,
  "fields": {
    "user": [
      "student-5"
    ],
    "citizenship": "\u041a\u044b\u0440\u0433\u044b\u0437\u0441\u043a\u0430\u044f \u0420\u0435\u0441\u043f\u0443\u0431\u043b\u0438\u043a\u0430",
    "series": "AN0007572",
    "issued_by": "MKK 50-00",
    "issued_date": "2014-03-18",
    "address": "\u0433. \u0411\u0438\u0448\u043a\u0435\u043a, \u0443\u043b. \u041a\u0438\u0435\u0432\u0441\u043a\u0430\u044f 92",
    "inn": "489000212",
    "nationality": "\u0420\u0443\u0441\u0441\u043a\u0430\u044f",
    "sex": "\u0436\u0435\u043d\u0441\u043a\u0438\u0439",
    "birth_date": "2001-04-22"
  }
},
{
  "model": "accounts.passport",
  "pk": 8,
  "fields": {
    "user": [
      "student-6"
    ],
    "citizenship": "\u0420\u043e\u0441\u0441\u0438\u0439\u0441\u043a\u0430\u044f \u0424\u0435\u0434\u0435\u0440\u0430\u0446\u0438\u044f",
    "series": "0667763667",
    "issued_by": "\u0417\u0410\u0413\u0421",
    "issued_date": "2017-05-18",
    "address": "\u0433. \u0422\u043e\u043b\u044c\u044f\u0442\u0442\u0438, \u043f\u0440\u043e\u0441\u043f\u0435\u043a\u0442 \u041c\u0438\u0447\u0443\u0440\u0438\u043d\u0430 12, \u043a\u0432 4.",
    "inn": "626781399",
    "nationality": "\u0420\u0443\u0441\u0441\u043a\u0430\u044f",
    "sex": "\u0436\u0435\u043d\u0441\u043a\u0438\u0439",
    "birth_date": "2003-06-24"
  }
},
{
  "model": "accounts.passport",
  "pk": 9,
  "fields": {
    "user": [
      "student-7"
    ],
    "citizenship": "\u041a\u044b\u0440\u0433\u044b\u0437\u0441\u043a\u0430\u044f \u0420\u0435\u0441\u043f\u0443\u0431\u043b\u0438\u043a\u0430",
    "series": "AN6778839",
    "issued_by": "MKK 50-00",
    "issued_date": "2018-08-12",
    "address": "\u0433. \u0411\u0438\u0448\u043a\u0435\u043a, \u0420\u0430\u0437\u0437\u0430\u043a\u043e\u0432\u0430 2, \u043a\u0432 10",
    "inn": "12245726267",
    "nationality": "\u0420\u0443\u0441\u0441\u043a\u0430\u044f",
    "sex": "\u0436\u0435\u043d\u0441\u043a\u0438\u0439",
    "birth_date": "2003-11-14"
  }
},
{
  "model": "accounts.passport",
  "pk": 10,
  "fields": {
    "user": [
      "student-8"
    ],
    "citizenship": "\u041a\u044b\u0440\u0433\u044b\u0437\u0441\u043a\u0430\u044f \u0420\u0435\u0441\u043f\u0443\u0431\u043b\u0438\u043a\u0430",
    "series": "AN12378839",
    "issued_by": "MKK 50-00",
    "issued_date": "2017-06-12",
    "address": "\u0433. \u0411\u0438\u0448\u043a\u0435\u043a, \u0420\u0430\u0437\u0437\u0430\u043a\u043e\u0432\u0430 9, \u043a\u0432 22",
    "inn": "17899664",
    "nationality": "\u0420\u0443\u0441\u0441\u043a\u0438\u0439",
    "sex": "\u043c\u0443\u0436\u0441\u043a\u043e\u0439",
    "birth_date": "2002-01-14"
  }
},
{
  "model": "accounts.passport",
  "pk": 11,
  "fields": {
    "user": [
      "student-9"
    ],
    "citizenship": "\u041a\u044b\u0440\u0433\u044b\u0437\u0441\u043a\u0430\u044f \u0420\u0435\u0441\u043f\u0443\u0431\u043b\u0438\u043a\u0430",
    "series": "AN123782443",
    "issued_by": "MKK 50-00",
    "issued_date": "2016-02-12",
    "address": "\u0433. \u0411\u0438\u0448\u043a\u0435\u043a, \u0443\u043b. \u041a\u0438\u0435\u0432\u0441\u043a\u0430\u044f 87, \u043a\u0432 6",
    "inn": "10007443",
    "nationality": "\u041a\u044b\u0440\u0433\u044b\u0437\u043a\u0430",
    "sex": "\u0436\u0435\u043d\u0441\u043a\u0438\u0439",
    "birth_date": "2002-11-14"
  }
},
{
  "model": "accounts.passport",
  "pk": 12,
  "fields": {
    "user": [
      "student-10"
    ],
    "citizenship": "\u0420\u043e\u0441\u0441\u0438\u0439\u0441\u043a\u0430\u044f \u0424\u0435\u0434\u0435\u0440\u0430\u0446\u0438\u044f",
    "series": "2527748490",
    "issued_by": "\u0417\u0410\u0413\u0421",
    "issued_date": "2020-07-11",
    "address": "\u0433. \u0422\u043e\u043c\u0441\u043a, \u0443\u043b. \u0421\u0435\u0432\u0435\u0440\u043d\u0430\u044f \u0434. 4",
    "inn": "377924058747",
    "nationality": "\u0420\u0443\u0441\u0441\u043a\u0438\u0439",
    "sex": "\u043c\u0443\u0436\u0441\u043a\u043e\u0439",
    "birth_date": "2002-03-19"
  }
},
{
  "model": "accounts.passport",
  "pk": 13,
  "fields": {
    "user": [
      "student-11"
    ],
    "citizenship": "\u041a\u044b\u0440\u0433\u044b\u0437\u0441\u043a\u0430\u044f \u0420\u0435\u0441\u043f\u0443\u0431\u043b\u0438\u043a\u0430",
    "series": "AN3399288",
    "issued_by": "MKK 50-01",
    "issued_date": "2019-03-09",
    "address": "\u0433. \u041d\u0430\u0440\u044b\u043d, \u0443\u043b. \u041a\u044b\u0440\u0433\u044b\u0437\u0441\u043a\u0430\u044f 9",
    "inn": "1382889992",
    "nationality": "\u041a\u044b\u0440\u0433\u044b\u0437",
    "sex": "\u043c\u0443\u0436\u0441\u043a\u043e\u0439",
    "birth_date": "2001-04-18"
  }
},
{
  "model": "accounts.passport",
  "pk": 14,
  "fields": {
    "user": [
      "student-12"
    ],
    "citizenship": "\u041a\u044b\u0440\u0433\u044b\u0437\u0441\u043a\u0430\u044f \u0420\u0435\u0441\u043f\u0443\u0431\u043b\u0438\u043a\u0430",
    "series": "AN4563728",
    "issued_by": "MKK 50-01",
    "issued_date": "2018-04-12",
    "address": "\u0433. \u041e\u0448, \u0443\u043b. \u041f\u0430\u043c\u0438\u0440\u0441\u043a\u0430\u044f 6, 44",
    "inn": "1392992988",
    "nationality": "\u041a\u044b\u0440\u0433\u044b\u0437",
    "sex": "\u043c\u0443\u0436\u0441\u043a\u043e\u0439",
    "birth_date": "2003-07-18"
  }
},
{
  "model": "accounts.passport",
  "pk": 15,
  "fields": {
    "user": [
      "student-13"
    ],
    "citizenship": "\u041a\u044b\u0440\u0433\u044b\u0437\u0441\u043a\u0430\u044f \u0420\u0435\u0441\u043f\u0443\u0431\u043b\u0438\u043a\u0430",
    "series": "AN52526789",
    "issued_by": "MKK 50-01",
    "issued_date": "2014-03-22",
    "address": "\u0433. \u0411\u0438\u0448\u043a\u0435\u043a, \u043c\u043a\u0440. \u0414\u0436\u0430\u043b 124, \u043a\u0432 65",
    "inn": "125679910",
    "nationality": "\u041a\u044b\u0440\u0433\u044b\u0437",
    "sex": "\u043c\u0443\u0436\u0441\u043a\u043e\u0439",
    "birth_date": "2003-11-09"
  }
},
{
  "model": "accounts.group",
  "pk": 1,
  "fields": {
    "name": "Python",
    "starosta": [
      "student-1"
    ],
    "kurator": [
      "admin"
    ],
    "started_at": "2020-01-23",
    "students": [
      [
        "student-1"
      ],
      [
        "student-2"
      ],
      [
        "student-3"
      ],
      [
        "student-4"
      ],
      [
        "student-5"
      ],
      [
        "student-6"
      ],
      [
        "student-7"
      ],
      [
        "student-8"
      ],
      [
        "student-9"
      ]
    ]
  }
},
{
  "model": "accounts.group",
  "pk": 2,
  "fields": {
    "name": "Java",
    "starosta": [
      "student-1"
    ],
    "kurator": [
      "admin"
    ],
    "started_at": "2020-01-23",
    "students": [
      [
        "student-1"
      ],
      [
        "student-2"
      ],
      [
        "student-3"
      ],
      [
        "student-4"
      ],
      [
        "student-5"
      ],
      [
        "student-6"
      ],
      [
        "student-7"
      ],
      [
        "student-8"
      ],
      [
        "student-9"
      ]
    ]
  }
},
{
  "model": "accounts.group",
  "pk": 3,
  "fields": {
    "name": "C++",
    "starosta": [
      "student-1"
    ],
    "kurator": [
      "student-1"
    ],
    "started_at": "2020-01-24",
    "students": [
      [
        "student-11"
      ],
      [
        "student-12"
      ],
      [
        "student-13"
      ]
    ]
  }
},
{
  "model": "accounts.group",
  "pk": 4,
  "fields": {
    "name": "Ruby",
    "starosta": [
      "student-1"
    ],
    "kurator": [
      "student-1"
    ],
    "started_at": "2020-01-23",
    "students": [
      [
        "student-1"
      ],
      [
        "student-2"
      ],
      [
        "student-3"
      ],
      [
        "student-4"
      ]
    ]
  }
},
{
  "model": "admin.logentry",
  "pk": 1,
  "fields": {
    "action_time": "2019-12-26T06:24:47.953Z",
    "user": [
      "admin"
    ],
    "content_type": [
      "webapp",
      "news"
    ],
    "object_id": "1",
    "object_repr": "\u0412 \u0423\u041d\u041f\u041a \u00ab\u041c\u0423\u041a\u00bb \u043f\u0440\u043e\u0448\u0435\u043b \u043c\u0435\u0436\u0434\u0443\u043d\u0430\u0440\u043e\u0434\u043d\u044b\u0439 \u0433\u0440\u0430\u043d\u0434-\u0442\u0443\u0440\u043d\u0438\u0440 \u043f\u043e \u043f\u0430\u0440\u043b\u0430\u043c\u0435\u043d\u0442\u0441\u043a\u0438\u043c \u0434\u0435\u0431\u0430\u0442\u0430\u043c",
    "action_flag": 1,
    "change_message": "[{\"added\": {}}]"
  }
},
{
  "model": "admin.logentry",
  "pk": 2,
  "fields": {
    "action_time": "2019-12-26T07:02:44.041Z",
    "user": [
      "admin"
    ],
    "content_type": [
      "webapp",
      "news"
    ],
    "object_id": "2",
    "object_repr": "\u041c\u0435\u0436\u0434\u0443\u043d\u0430\u0440\u043e\u0434\u043d\u044b\u0439 \u0443\u043d\u0438\u0432\u0435\u0440\u0441\u0438\u0442\u0435\u0442 \u041a\u044b\u0440\u0433\u044b\u0437\u0441\u0442\u0430\u043d\u0430 \u043d\u0430\u043c\u0435\u0440\u0435\u043d \u0430\u043a\u0442\u0438\u0432\u043d\u043e \u0441\u043e\u0442\u0440\u0443\u0434\u043d\u0438\u0447\u0430\u0442\u044c \u0441 \u043f\u0430\u0440\u0442\u043d\u0435\u0440\u0430\u043c\u0438",
    "action_flag": 1,
    "change_message": "[{\"added\": {}}]"
  }
},
{
  "model": "admin.logentry",
  "pk": 3,
  "fields": {
    "action_time": "2019-12-27T07:22:46.182Z",
    "user": [
      "admin"
    ],
    "content_type": [
      "webapp",
      "news"
    ],
    "object_id": "3",
    "object_repr": "\u2014 \u0423\u0432\u0430\u0436\u0430\u0435\u043c\u044b\u0435 \u0437\u0430\u0432\u0435\u0434\u0443\u044e\u0449\u0438\u0435 \u043a\u0430\u0444\u0435\u0434\u0440\u0430\u043c\u0438 \u0438 \u043f\u0440\u0435\u043f\u043e\u0434\u0430\u0432\u0430\u0442\u0435\u043b\u0438!",
    "action_flag": 1,
    "change_message": "[{\"added\": {}}]"
  }
},
{
  "model": "admin.logentry",
  "pk": 4,
  "fields": {
    "action_time": "2019-12-27T07:23:39.735Z",
    "user": [
      "admin"
    ],
    "content_type": [
      "webapp",
      "news"
    ],
    "object_id": "4",
    "object_repr": "\u2014 \u042d\u043b\u0435\u043a\u0442\u0440\u043e\u043d\u043d\u043e-\u0431\u0438\u0431\u043b\u0438\u043e\u0442\u0435\u0447\u043d\u0430\u044f \u0441\u0438\u0441\u0442\u0435\u043c\u0430 (\u042d\u0411\u0421) \u00abZnanium\u00bb",
    "action_flag": 1,
    "change_message": "[{\"added\": {}}]"
  }
},
{
  "model": "admin.logentry",
  "pk": 11,
  "fields": {
    "action_time": "2020-01-22T06:54:44.775Z",
    "user": [
      "admin"
    ],
    "content_type": [
      "auth",
      "user"
    ],
    "object_id": "4",
    "object_repr": "FirstStudent",
    "action_flag": 1,
    "change_message": "[{\"added\": {}}]"
  }
},
{
  "model": "admin.logentry",
  "pk": 12,
  "fields": {
    "action_time": "2020-01-22T06:55:18.244Z",
    "user": [
      "admin"
    ],
    "content_type": [
      "auth",
      "user"
    ],
    "object_id": "5",
    "object_repr": "SecondStudent",
    "action_flag": 1,
    "change_message": "[{\"added\": {}}]"
  }
},
{
  "model": "admin.logentry",
  "pk": 13,
  "fields": {
    "action_time": "2020-01-22T06:55:44.341Z",
    "user": [
      "admin"
    ],
    "content_type": [
      "auth",
      "user"
    ],
    "object_id": "6",
    "object_repr": "ThirdStudent",
    "action_flag": 1,
    "change_message": "[{\"added\": {}}]"
  }
},
{
  "model": "admin.logentry",
  "pk": 14,
  "fields": {
    "action_time": "2020-01-22T06:56:14.216Z",
    "user": [
      "admin"
    ],
    "content_type": [
      "auth",
      "user"
    ],
    "object_id": "7",
    "object_repr": "FourthStudent",
    "action_flag": 1,
    "change_message": "[{\"added\": {}}]"
  }
},
{
  "model": "admin.logentry",
  "pk": 15,
  "fields": {
    "action_time": "2020-01-22T06:56:53.149Z",
    "user": [
      "admin"
    ],
    "content_type": [
      "auth",
      "user"
    ],
    "object_id": "8",
    "object_repr": "FifthStudent",
    "action_flag": 1,
    "change_message": "[{\"added\": {}}]"
  }
},
{
  "model": "admin.logentry",
  "pk": 16,
  "fields": {
    "action_time": "2020-01-22T06:57:15.672Z",
    "user": [
      "admin"
    ],
    "content_type": [
      "auth",
      "user"
    ],
    "object_id": "9",
    "object_repr": "SixthStudent",
    "action_flag": 1,
    "change_message": "[{\"added\": {}}]"
  }
},
{
  "model": "admin.logentry",
  "pk": 17,
  "fields": {
    "action_time": "2020-01-22T06:57:45.191Z",
    "user": [
      "admin"
    ],
    "content_type": [
      "auth",
      "user"
    ],
    "object_id": "10",
    "object_repr": "SeventhStudent",
    "action_flag": 1,
    "change_message": "[{\"added\": {}}]"
  }
},
{
  "model": "admin.logentry",
  "pk": 18,
  "fields": {
    "action_time": "2020-01-22T06:58:47.086Z",
    "user": [
      "admin"
    ],
    "content_type": [
      "auth",
      "user"
    ],
    "object_id": "11",
    "object_repr": "EighthStudent",
    "action_flag": 1,
    "change_message": "[{\"added\": {}}]"
  }
},
{
  "model": "admin.logentry",
  "pk": 19,
  "fields": {
    "action_time": "2020-01-22T06:59:19.162Z",
    "user": [
      "admin"
    ],
    "content_type": [
      "auth",
      "user"
    ],
    "object_id": "12",
    "object_repr": "NinethStudent",
    "action_flag": 1,
    "change_message": "[{\"added\": {}}]"
  }
},
{
  "model": "admin.logentry",
  "pk": 20,
  "fields": {
    "action_time": "2020-01-22T07:00:58.010Z",
    "user": [
      "admin"
    ],
    "content_type": [
      "accounts",
      "group"
    ],
    "object_id": "1",
    "object_repr": "\u041f\u0435\u0440\u0432\u0430\u044f \u0413\u0440\u0443\u043f\u043f\u0430",
    "action_flag": 1,
    "change_message": "[{\"added\": {}}]"
  }
},
{
  "model": "admin.logentry",
  "pk": 21,
  "fields": {
    "action_time": "2020-01-22T07:01:46.423Z",
    "user": [
      "admin"
    ],
    "content_type": [
      "accounts",
      "group"
    ],
    "object_id": "2",
    "object_repr": "\u0412\u0442\u043e\u0440\u0430\u044f \u0413\u0440\u0443\u043f\u043f\u0430",
    "action_flag": 1,
    "change_message": "[{\"added\": {}}]"
  }
},
{
  "model": "admin.logentry",
  "pk": 22,
  "fields": {
    "action_time": "2020-01-22T07:02:22.473Z",
    "user": [
      "admin"
    ],
    "content_type": [
      "accounts",
      "group"
    ],
    "object_id": "3",
    "object_repr": "\u0422\u0440\u0435\u0442\u044c\u044f \u0413\u0440\u0443\u043f\u043f\u0430",
    "action_flag": 1,
    "change_message": "[{\"added\": {}}]"
  }
},
{
  "model": "admin.logentry",
  "pk": 23,
  "fields": {
    "action_time": "2020-01-24T04:54:33.050Z",
    "user": [
      "admin"
    ],
    "content_type": [
      "auth",
      "user"
    ],
    "object_id": "11",
    "object_repr": "EighthStudent",
    "action_flag": 3,
    "change_message": ""
  }
},
{
  "model": "admin.logentry",
  "pk": 24,
  "fields": {
    "action_time": "2020-01-24T04:54:33.054Z",
    "user": [
      "admin"
    ],
    "content_type": [
      "auth",
      "user"
    ],
    "object_id": "8",
    "object_repr": "FifthStudent",
    "action_flag": 3,
    "change_message": ""
  }
},
{
  "model": "admin.logentry",
  "pk": 25,
  "fields": {
    "action_time": "2020-01-24T04:54:33.057Z",
    "user": [
      "admin"
    ],
    "content_type": [
      "auth",
      "user"
    ],
    "object_id": "4",
    "object_repr": "FirstStudent",
    "action_flag": 3,
    "change_message": ""
  }
},
{
  "model": "admin.logentry",
  "pk": 26,
  "fields": {
    "action_time": "2020-01-24T04:54:33.059Z",
    "user": [
      "admin"
    ],
    "content_type": [
      "auth",
      "user"
    ],
    "object_id": "7",
    "object_repr": "FourthStudent",
    "action_flag": 3,
    "change_message": ""
  }
},
{
  "model": "admin.logentry",
  "pk": 27,
  "fields": {
    "action_time": "2020-01-24T04:54:33.061Z",
    "user": [
      "admin"
    ],
    "content_type": [
      "auth",
      "user"
    ],
    "object_id": "12",
    "object_repr": "NinethStudent",
    "action_flag": 3,
    "change_message": ""
  }
},
{
  "model": "admin.logentry",
  "pk": 28,
  "fields": {
    "action_time": "2020-01-24T04:54:33.063Z",
    "user": [
      "admin"
    ],
    "content_type": [
      "auth",
      "user"
    ],
    "object_id": "5",
    "object_repr": "SecondStudent",
    "action_flag": 3,
    "change_message": ""
  }
},
{
  "model": "admin.logentry",
  "pk": 29,
  "fields": {
    "action_time": "2020-01-24T04:54:33.065Z",
    "user": [
      "admin"
    ],
    "content_type": [
      "auth",
      "user"
    ],
    "object_id": "10",
    "object_repr": "SeventhStudent",
    "action_flag": 3,
    "change_message": ""
  }
},
{
  "model": "admin.logentry",
  "pk": 30,
  "fields": {
    "action_time": "2020-01-24T04:54:33.067Z",
    "user": [
      "admin"
    ],
    "content_type": [
      "auth",
      "user"
    ],
    "object_id": "9",
    "object_repr": "SixthStudent",
    "action_flag": 3,
    "change_message": ""
  }
},
{
  "model": "admin.logentry",
  "pk": 31,
  "fields": {
    "action_time": "2020-01-24T04:54:33.069Z",
    "user": [
      "admin"
    ],
    "content_type": [
      "auth",
      "user"
    ],
    "object_id": "6",
    "object_repr": "ThirdStudent",
    "action_flag": 3,
    "change_message": ""
  }
},
{
  "model": "admin.logentry",
  "pk": 32,
  "fields": {
    "action_time": "2020-01-24T04:54:33.071Z",
    "user": [
      "admin"
    ],
    "content_type": [
      "auth",
      "user"
    ],
    "object_id": "2",
    "object_repr": "docha",
    "action_flag": 3,
    "change_message": ""
  }
},
{
  "model": "admin.logentry",
  "pk": 33,
  "fields": {
    "action_time": "2020-01-24T04:54:33.073Z",
    "user": [
      "admin"
    ],
    "content_type": [
      "auth",
      "user"
    ],
    "object_id": "3",
    "object_repr": "syn",
    "action_flag": 3,
    "change_message": ""
  }
},
{
  "model": "admin.logentry",
  "pk": 34,
  "fields": {
    "action_time": "2020-01-24T05:04:12.202Z",
    "user": [
      "admin"
    ],
    "content_type": [
      "accounts",
      "adminposition"
    ],
    "object_id": "6",
    "object_repr": "\u0441\u0442\u0430\u0440\u043e\u0441\u0442\u0430",
    "action_flag": 1,
    "change_message": "[{\"added\": {}}]"
  }
},
{
  "model": "admin.logentry",
  "pk": 35,
  "fields": {
    "action_time": "2020-01-24T05:04:22.844Z",
    "user": [
      "admin"
    ],
    "content_type": [
      "accounts",
      "adminposition"
    ],
    "object_id": "4",
    "object_repr": "\u0414\u0435\u043a\u0430\u043d",
    "action_flag": 3,
    "change_message": ""
  }
},
{
  "model": "admin.logentry",
  "pk": 36,
  "fields": {
    "action_time": "2020-01-24T05:04:30.282Z",
    "user": [
      "admin"
    ],
    "content_type": [
      "accounts",
      "adminposition"
    ],
    "object_id": "6",
    "object_repr": "\u0421\u0442\u0430\u0440\u043e\u0441\u0442\u0430",
    "action_flag": 2,
    "change_message": "[{\"changed\": {\"fields\": [\"name\"]}}]"
  }
},
{
  "model": "admin.logentry",
  "pk": 37,
  "fields": {
    "action_time": "2020-01-24T11:17:02.026Z",
    "user": [
      "admin"
    ],
    "content_type": [
      "accounts",
      "passport"
    ],
    "object_id": "11",
    "object_repr": "\u0411\u0435\u0440\u043c\u0435\u0442 \u0411\u043e\u0440\u0443\u0431\u0430\u0435\u0432\u0430's Passport",
    "action_flag": 2,
    "change_message": "[{\"changed\": {\"fields\": [\"sex\"]}}]"
  }
},
{
  "model": "admin.logentry",
  "pk": 38,
  "fields": {
    "action_time": "2020-01-24T11:17:26.521Z",
    "user": [
      "admin"
    ],
    "content_type": [
      "accounts",
      "passport"
    ],
    "object_id": "10",
    "object_repr": "\u0412\u0438\u043a\u0442\u043e\u0440 \u0414\u043e\u0440\u043e\u043d\u0438\u043d's Passport",
    "action_flag": 2,
    "change_message": "[{\"changed\": {\"fields\": [\"sex\"]}}]"
  }
},
{
  "model": "admin.logentry",
  "pk": 39,
  "fields": {
    "action_time": "2020-01-24T11:17:31.824Z",
    "user": [
      "admin"
    ],
    "content_type": [
      "accounts",
      "passport"
    ],
    "object_id": "9",
    "object_repr": "\u0410\u043b\u0438\u043d\u0430 \u041b\u0438\u0441\u0438\u0447\u043a\u0438\u043d\u0430's Passport",
    "action_flag": 2,
    "change_message": "[{\"changed\": {\"fields\": [\"sex\"]}}]"
  }
},
{
  "model": "admin.logentry",
  "pk": 40,
  "fields": {
    "action_time": "2020-01-24T11:17:36.750Z",
    "user": [
      "admin"
    ],
    "content_type": [
      "accounts",
      "passport"
    ],
    "object_id": "8",
    "object_repr": "\u0415\u043b\u0435\u043d\u0430 \u0412\u043e\u0440\u043e\u043d\u0446\u043e\u0432\u0430's Passport",
    "action_flag": 2,
    "change_message": "[{\"changed\": {\"fields\": [\"sex\"]}}]"
  }
},
{
  "model": "admin.logentry",
  "pk": 41,
  "fields": {
    "action_time": "2020-01-24T11:17:42.063Z",
    "user": [
      "admin"
    ],
    "content_type": [
      "accounts",
      "passport"
    ],
    "object_id": "7",
    "object_repr": "\u041c\u0430\u0440\u0438\u043d\u0430 \u041b\u043e\u0436\u043a\u0438\u043d\u0430's Passport",
    "action_flag": 2,
    "change_message": "[{\"changed\": {\"fields\": [\"sex\"]}}]"
  }
},
{
  "model": "admin.logentry",
  "pk": 42,
  "fields": {
    "action_time": "2020-01-24T11:17:51.394Z",
    "user": [
      "admin"
    ],
    "content_type": [
      "accounts",
      "passport"
    ],
    "object_id": "6",
    "object_repr": "\u0410\u0439\u0434\u0430\u0439 \u0418\u0441\u0430\u0435\u0432\u0430's Passport",
    "action_flag": 2,
    "change_message": "[{\"changed\": {\"fields\": [\"sex\"]}}]"
  }
},
{
  "model": "admin.logentry",
  "pk": 43,
  "fields": {
    "action_time": "2020-01-24T11:17:57.605Z",
    "user": [
      "admin"
    ],
    "content_type": [
      "accounts",
      "passport"
    ],
    "object_id": "5",
    "object_repr": "\u041c\u044d\u044d\u0440\u0438\u043c \u041c\u0443\u0440\u0430\u0442\u0430\u043b\u0438\u0435\u0432\u0430's Passport",
    "action_flag": 2,
    "change_message": "[{\"changed\": {\"fields\": [\"sex\"]}}]"
  }
},
{
  "model": "admin.logentry",
  "pk": 44,
  "fields": {
    "action_time": "2020-01-24T11:18:02.577Z",
    "user": [
      "admin"
    ],
    "content_type": [
      "accounts",
      "passport"
    ],
    "object_id": "4",
    "object_repr": "\u0411\u0430\u043a\u044b\u0442 \u0422\u0443\u0448\u0430\u0435\u0432's Passport",
    "action_flag": 2,
    "change_message": "[{\"changed\": {\"fields\": [\"sex\"]}}]"
  }
},
{
  "model": "admin.logentry",
  "pk": 45,
  "fields": {
    "action_time": "2020-01-24T11:18:08.414Z",
    "user": [
      "admin"
    ],
    "content_type": [
      "accounts",
      "passport"
    ],
    "object_id": "3",
    "object_repr": "\u0410\u0439\u0436\u0430\u043d \u0422\u044e\u043b\u0435\u043c\u0431\u0430\u0435\u0432\u0430's Passport",
    "action_flag": 2,
    "change_message": "[{\"changed\": {\"fields\": [\"sex\"]}}]"
  }
},
{
  "model": "admin.logentry",
  "pk": 53,
  "fields": {
    "action_time": "2020-01-27T04:20:33.743Z",
    "user": [
      "admin"
    ],
    "content_type": [
      "webapp",
      "lesson"
    ],
    "object_id": "16",
    "object_repr": "8 \u043f\u0430\u0440\u0430",
    "action_flag": 3,
    "change_message": ""
  }
},
{
  "model": "admin.logentry",
  "pk": 54,
  "fields": {
    "action_time": "2020-01-27T04:20:33.745Z",
    "user": [
      "admin"
    ],
    "content_type": [
      "webapp",
      "lesson"
    ],
    "object_id": "15",
    "object_repr": "8 \u043f\u0430\u0440\u0430",
    "action_flag": 3,
    "change_message": ""
  }
},
{
  "model": "admin.logentry",
  "pk": 55,
  "fields": {
    "action_time": "2020-01-27T04:20:33.746Z",
    "user": [
      "admin"
    ],
    "content_type": [
      "webapp",
      "lesson"
    ],
    "object_id": "14",
    "object_repr": "8 \u043f\u0430\u0440\u0430",
    "action_flag": 3,
    "change_message": ""
  }
},
{
  "model": "admin.logentry",
  "pk": 56,
  "fields": {
    "action_time": "2020-01-27T04:20:33.748Z",
    "user": [
      "admin"
    ],
    "content_type": [
      "webapp",
      "lesson"
    ],
    "object_id": "13",
    "object_repr": "8 \u043f\u0430\u0440\u0430",
    "action_flag": 3,
    "change_message": ""
  }
},
{
  "model": "admin.logentry",
  "pk": 57,
  "fields": {
    "action_time": "2020-01-27T04:20:33.749Z",
    "user": [
      "admin"
    ],
    "content_type": [
      "webapp",
      "lesson"
    ],
    "object_id": "12",
    "object_repr": "8 \u043f\u0430\u0440\u0430",
    "action_flag": 3,
    "change_message": ""
  }
},
{
  "model": "admin.logentry",
  "pk": 58,
  "fields": {
    "action_time": "2020-01-27T04:20:33.750Z",
    "user": [
      "admin"
    ],
    "content_type": [
      "webapp",
      "lesson"
    ],
    "object_id": "11",
    "object_repr": "8 \u043f\u0430\u0440\u0430",
    "action_flag": 3,
    "change_message": ""
  }
},
{
  "model": "admin.logentry",
  "pk": 59,
  "fields": {
    "action_time": "2020-01-27T04:20:33.752Z",
    "user": [
      "admin"
    ],
    "content_type": [
      "webapp",
      "lesson"
    ],
    "object_id": "10",
    "object_repr": "8 \u043f\u0430\u0440\u0430",
    "action_flag": 3,
    "change_message": ""
  }
},
{
  "model": "admin.logentry",
  "pk": 60,
  "fields": {
    "action_time": "2020-01-27T04:20:33.753Z",
    "user": [
      "admin"
    ],
    "content_type": [
      "webapp",
      "lesson"
    ],
    "object_id": "9",
    "object_repr": "8 \u043f\u0430\u0440\u0430",
    "action_flag": 3,
    "change_message": ""
  }
},
{
  "model": "admin.logentry",
  "pk": 72,
  "fields": {
    "action_time": "2020-01-27T04:29:27.779Z",
    "user": [
      "admin"
    ],
    "content_type": [
      "webapp",
      "lesson"
    ],
    "object_id": "19",
    "object_repr": "9\u043f\u0430\u0440\u0430",
    "action_flag": 3,
    "change_message": ""
  }
},
{
  "model": "admin.logentry",
  "pk": 73,
  "fields": {
    "action_time": "2020-01-27T05:13:59.116Z",
    "user": [
      "admin"
    ],
    "content_type": [
      "accounts",
      "passport"
    ],
    "object_id": "12",
    "object_repr": "\u0412\u0438\u043a\u0442\u043e\u0440 \u041d\u0435\u043a\u0438\u0444\u043e\u0440\u043e\u0432's Passport",
    "action_flag": 2,
    "change_message": "[{\"changed\": {\"fields\": [\"sex\"]}}]"
  }
},
{
  "model": "admin.logentry",
  "pk": 74,
  "fields": {
    "action_time": "2020-01-30T03:12:36.756Z",
    "user": [
      "admin"
    ],
    "content_type": [
      "webapp",
      "lesson"
    ],
    "object_id": "2",
    "object_repr": "2\u043f\u0430\u0440\u0430",
    "action_flag": 2,
    "change_message": "[{\"changed\": {\"fields\": [\"index\"]}}]"
  }
},
{
  "model": "admin.logentry",
  "pk": 75,
  "fields": {
    "action_time": "2020-01-30T03:12:42.421Z",
    "user": [
      "admin"
    ],
    "content_type": [
      "webapp",
      "lesson"
    ],
    "object_id": "3",
    "object_repr": "3\u043f\u0430\u0440\u0430",
    "action_flag": 2,
    "change_message": "[{\"changed\": {\"fields\": [\"index\"]}}]"
  }
},
{
  "model": "admin.logentry",
  "pk": 76,
  "fields": {
    "action_time": "2020-01-30T03:12:47.847Z",
    "user": [
      "admin"
    ],
    "content_type": [
      "webapp",
      "lesson"
    ],
    "object_id": "4",
    "object_repr": "4\u043f\u0430\u0440\u0430",
    "action_flag": 2,
    "change_message": "[{\"changed\": {\"fields\": [\"index\"]}}]"
  }
},
{
  "model": "admin.logentry",
  "pk": 77,
  "fields": {
    "action_time": "2020-01-30T03:12:53.016Z",
    "user": [
      "admin"
    ],
    "content_type": [
      "webapp",
      "lesson"
    ],
    "object_id": "5",
    "object_repr": "5\u043f\u0430\u0440\u0430",
    "action_flag": 2,
    "change_message": "[{\"changed\": {\"fields\": [\"index\"]}}]"
  }
},
{
  "model": "admin.logentry",
  "pk": 78,
  "fields": {
    "action_time": "2020-01-30T03:12:58.630Z",
    "user": [
      "admin"
    ],
    "content_type": [
      "webapp",
      "lesson"
    ],
    "object_id": "6",
    "object_repr": "6\u043f\u0430\u0440\u0430",
    "action_flag": 2,
    "change_message": "[{\"changed\": {\"fields\": [\"index\"]}}]"
  }
},
{
  "model": "admin.logentry",
  "pk": 79,
  "fields": {
    "action_time": "2020-01-30T03:13:04.740Z",
    "user": [
      "admin"
    ],
    "content_type": [
      "webapp",
      "lesson"
    ],
    "object_id": "7",
    "object_repr": "7\u043f\u0430\u0440\u0430",
    "action_flag": 2,
    "change_message": "[{\"changed\": {\"fields\": [\"index\"]}}]"
  }
},
{
  "model": "admin.logentry",
  "pk": 80,
  "fields": {
    "action_time": "2020-01-30T03:13:09.922Z",
    "user": [
      "admin"
    ],
    "content_type": [
      "webapp",
      "lesson"
    ],
    "object_id": "8",
    "object_repr": "8\u043f\u0430\u0440\u0430",
    "action_flag": 2,
    "change_message": "[{\"changed\": {\"fields\": [\"index\"]}}]"
  }
},
{
  "model": "admin.logentry",
  "pk": 87,
  "fields": {
    "action_time": "2020-01-30T03:48:46.564Z",
    "user": [
      "admin"
    ],
    "content_type": [
      "webapp",
      "lesson"
    ],
    "object_id": "9",
    "object_repr": "1 \u043f\u0430\u0440\u0430",
    "action_flag": 1,
    "change_message": "[{\"added\": {}}]"
  }
},
{
  "model": "admin.logentry",
  "pk": 88,
  "fields": {
    "action_time": "2020-01-30T04:05:57.422Z",
    "user": [
      "admin"
    ],
    "content_type": [
      "webapp",
      "lesson"
    ],
    "object_id": "10",
    "object_repr": "2 \u043f\u0430\u0440\u0430",
    "action_flag": 1,
    "change_message": "[{\"added\": {}}]"
  }
},
{
  "model": "admin.logentry",
  "pk": 89,
  "fields": {
    "action_time": "2020-01-30T04:06:13.800Z",
    "user": [
      "admin"
    ],
    "content_type": [
      "webapp",
      "lesson"
    ],
    "object_id": "11",
    "object_repr": "3 \u043f\u0430\u0440\u0430",
    "action_flag": 1,
    "change_message": "[{\"added\": {}}]"
  }
},
{
  "model": "admin.logentry",
  "pk": 90,
  "fields": {
    "action_time": "2020-01-30T04:06:34.789Z",
    "user": [
      "admin"
    ],
    "content_type": [
      "webapp",
      "lesson"
    ],
    "object_id": "12",
    "object_repr": "4 \u043f\u0430\u0440\u0430",
    "action_flag": 1,
    "change_message": "[{\"added\": {}}]"
  }
},
{
  "model": "admin.logentry",
  "pk": 91,
  "fields": {
    "action_time": "2020-01-30T04:06:50.664Z",
    "user": [
      "admin"
    ],
    "content_type": [
      "webapp",
      "lesson"
    ],
    "object_id": "13",
    "object_repr": "5 \u043f\u0430\u0440\u0430",
    "action_flag": 1,
    "change_message": "[{\"added\": {}}]"
  }
},
{
  "model": "admin.logentry",
  "pk": 92,
  "fields": {
    "action_time": "2020-01-30T04:07:25.276Z",
    "user": [
      "admin"
    ],
    "content_type": [
      "webapp",
      "lesson"
    ],
    "object_id": "14",
    "object_repr": "6 \u043f\u0430\u0440\u0430",
    "action_flag": 1,
    "change_message": "[{\"added\": {}}]"
  }
},
{
  "model": "admin.logentry",
  "pk": 93,
  "fields": {
    "action_time": "2020-01-30T04:07:41.274Z",
    "user": [
      "admin"
    ],
    "content_type": [
      "webapp",
      "lesson"
    ],
    "object_id": "15",
    "object_repr": "7 \u043f\u0430\u0440\u0430",
    "action_flag": 1,
    "change_message": "[{\"added\": {}}]"
  }
},
{
  "model": "admin.logentry",
  "pk": 94,
  "fields": {
    "action_time": "2020-01-31T14:49:07.412Z",
    "user": [
      "admin"
    ],
    "content_type": [
      "accounts",
      "profile"
    ],
    "object_id": "10",
    "object_repr": "\u0412\u0438\u043a\u0442\u043e\u0440 \u041d\u0435\u043a\u0438\u0444\u043e\u0440\u043e\u0432",
    "action_flag": 2,
    "change_message": "[{\"changed\": {\"fields\": [\"role\"]}}]"
  }
}
]
