[
{
  "model": "webapp.news",
  "pk": 1,
  "fields": {
    "title": "\u0412 \u0423\u041d\u041f\u041a \u00ab\u041c\u0423\u041a\u00bb \u043f\u0440\u043e\u0448\u0435\u043b \u043c\u0435\u0436\u0434\u0443\u043d\u0430\u0440\u043e\u0434\u043d\u044b\u0439 \u0433\u0440\u0430\u043d\u0434-\u0442\u0443\u0440\u043d\u0438\u0440 \u043f\u043e \u043f\u0430\u0440\u043b\u0430\u043c\u0435\u043d\u0442\u0441\u043a\u0438\u043c \u0434\u0435\u0431\u0430\u0442\u0430\u043c",
    "text": "14 \u0438 15 \u0434\u0435\u043a\u0430\u0431\u0440\u044f \u0432 \u0441\u0442\u0435\u043d\u0430\u0445 \u041c\u043e\u043b\u043e\u0434\u0435\u0436\u043d\u043e\u0433\u043e \u0446\u0435\u043d\u0442\u0440\u0430 \u0426\u0435\u043d\u0442\u0440\u0430\u043b\u044c\u043d\u043e\u0433\u043e \u043a\u0430\u043c\u043f\u0443\u0441\u0430 \u0423\u041d\u041f\u041a \u00ab\u041c\u0423\u041a\u00bb \u043f\u0440\u043e\u0448\u0435\u043b \u043c\u0435\u0436\u0434\u0443\u043d\u0430\u0440\u043e\u0434\u043d\u044b\u0439 \u0433\u0440\u0430\u043d\u0434-\u0442\u0443\u0440\u043d\u0438\u0440 \u043f\u043e \u043f\u0430\u0440\u043b\u0430\u043c\u0435\u043d\u0442\u0441\u043a\u0438\u043c \u0434\u0435\u0431\u0430\u0442\u0430\u043c XVI MANAS CUP 2019.\r\n\r\n\u0422\u0443\u0440\u043d\u0438\u0440 \u043e\u0440\u0433\u0430\u043d\u0438\u0437\u043e\u0432\u0430\u043b\u0438 \u00ab\u0414\u0435\u0431\u0430\u0442\u043d\u044b\u0439 \u043a\u043b\u0443\u0431 \u00ab\u041c\u0430\u043d\u0430\u0441\u00bb \u0438 \u00ab\u0411\u0438\u0448\u043a\u0435\u043a\u0441\u043a\u0438\u0439 \u0434\u0435\u0431\u0430\u0442\u043d\u044b\u0439 \u0446\u0435\u043d\u0442\u0440\u00bb. \u0421\u043f\u043e\u043d\u0441\u043e\u0440\u0441\u043a\u0443\u044e \u043f\u043e\u043c\u043e\u0449\u044c \u043e\u043a\u0430\u0437\u0430\u043b\u0438 \u0423\u043f\u0440\u0430\u0432\u043b\u0435\u043d\u0438\u0435 \u0432\u0435\u0440\u0445\u043e\u0432\u043d\u043e\u0433\u043e \u043a\u043e\u043c\u0438\u0441\u0441\u0430\u0440\u0430 \u043f\u043e \u043f\u0440\u0430\u0432\u0430\u043c \u0447\u0435\u043b\u043e\u0432\u0435\u043a\u0430 \u041e\u041e\u041d \u0432 \u043b\u0438\u0446\u0435 \u042d\u0440\u043a\u0438\u043d\u0430 \u0418\u0441\u0430\u043a\u0443\u043b\u043e\u0432\u0430 \u0438 \u041f\u0435\u0442\u0435\u0440\u0430 \u041d\u0430\u0434\u0435\u0440\u0435\u0440\u0430 \u0438 \u0423\u041d\u041f\u041a \u00ab\u041c\u0423\u041a\u00bb.\r\n\r\n\u0421 \u043d\u0430\u043f\u0443\u0442\u0441\u0442\u0432\u0435\u043d\u043d\u043e\u0439 \u0440\u0435\u0447\u044c\u044e \u043e\u0444\u0438\u0446\u0438\u0430\u043b\u044c\u043d\u044b\u0439 \u0442\u0443\u0440\u043d\u0438\u0440 \u043e\u0442\u043a\u0440\u044b\u043b\u0430 \u043f\u0440\u043e\u0440\u0435\u043a\u0442\u043e\u0440 \u0426\u0435\u043d\u0442\u0440\u0430\u043b\u044c\u043d\u043e\u0433\u043e \u043a\u0430\u043c\u043f\u0443\u0441\u0430 \u041a\u0430\u0440\u0430\u0431\u0430\u043b\u0430\u0435\u0432\u0430 \u0421.\u0411.\r\n\r\n\u0412 \u0442\u0443\u0440\u043d\u0438\u0440\u0435 \u043f\u0440\u0438\u043d\u044f\u043b\u0438 \u0443\u0447\u0430\u0441\u0442\u0438\u0435 45 \u043a\u043e\u043c\u0430\u043d\u0434 \u0438\u0437 \u0441\u043b\u0435\u0434\u0443\u044e\u0449\u0438\u0445 \u0443\u0447\u0435\u0431\u043d\u044b\u0445 \u0437\u0430\u0432\u0435\u0434\u0435\u043d\u0438\u0439:\r\n\r\n\u041a\u0430\u0437\u0430\u0445\u0441\u0442\u0430\u043d:\r\n\u041d\u0430\u0437\u0430\u0440\u0431\u0430\u0435\u0432 \u0443\u043d\u0438\u0432\u0435\u0440\u0441\u0438\u0442\u0435\u0442 (\u0433.\u0410\u0441\u0442\u0430\u043d\u0430);\r\n\u0410\u0441\u0442\u0430\u043d\u0438\u043d\u0441\u043a\u0438\u0439 \u0443\u043d\u0438\u0432\u0435\u0440\u0441\u0438\u0442\u0435\u0442 \u0438\u043d\u0444\u043e\u0440\u043c\u0430\u0446\u0438\u043e\u043d\u043d\u044b\u0445 \u0442\u0435\u0445\u043d\u043e\u043b\u043e\u0433\u0438\u0439;\r\n\u0415\u041d\u0423 \u0438\u043c. \u0413\u0443\u043c\u0435\u043b\u0435\u0432\u0430 (\u0415\u0432\u0440\u0430\u0437\u0438\u0439\u0441\u043a\u0438\u0439 \u043d\u0430\u0446\u0438\u043e\u043d\u0430\u043b\u044c\u043d\u044b\u0439 \u0438\u043d\u0441\u0442\u0438\u0442\u0443\u0442) (\u0433.\u0410\u0441\u0442\u0430\u043d\u0430);\r\n\u041a\u0430\u0437\u0430\u0445\u0441\u043a\u0438\u0439 \u0433\u0443\u043c\u0430\u043d\u0438\u0442\u0430\u0440\u043d\u044b\u0439-\u044e\u0440\u0438\u0434\u0438\u0447\u0435\u0441\u043a\u0438\u0439 \u0443\u043d\u0438\u0432\u0435\u0440\u0441\u0438\u0442\u0435\u0442 \u0438\u043c. \u041c.\u0421. \u041d\u0430\u0440\u0438\u043a\u0431\u0430\u0435\u0432\u0430 (\u041a\u0430\u0437\u0413\u042e\u0423) (\u0433.\u0410\u0441\u0442\u0430\u043d\u0430);\r\n\u041a\u0430\u0437\u0430\u0445\u0441\u0442\u0430\u043d\u0441\u043a\u0438\u0439 \u0438\u043d\u0441\u0442\u0438\u0442\u0443\u0442 \u043c\u0435\u043d\u0435\u0434\u0436\u043c\u0435\u043d\u0442\u0430, \u044d\u043a\u043e\u043d\u043e\u043c\u0438\u043a\u0438 \u0438 \u043f\u0440\u043e\u0433\u043d\u043e\u0437\u0438\u0440\u043e\u0432\u0430\u043d\u0438\u044f (KIMEP) (\u0433.\u0410\u043b\u043c\u0430\u0442\u044b);\r\n\u041c\u0435\u0436\u0434\u0443\u043d\u0430\u0440\u043e\u0434\u043d\u044b\u0439 \u0443\u043d\u0438\u0432\u0435\u0440\u0441\u0438\u0442\u0435\u0442 \u0438\u043d\u0444\u043e\u0440\u043c\u0430\u0446\u0438\u043e\u043d\u043d\u044b\u0445 \u0442\u0435\u0445\u043d\u043e\u043b\u043e\u0433\u0438\u0439 (\u041c\u0423\u0418\u0422) (\u0433.\u0410\u043b\u043c\u0430\u0442\u044b);\r\n\u041a\u0430\u0437\u0430\u0445\u0441\u043a\u0438\u0439 \u043d\u0430\u0446\u0438\u043e\u043d\u0430\u043b\u044c\u043d\u044b\u0439 \u0443\u043d\u0438\u0432\u0435\u0440\u0441\u0438\u0442\u0435\u0442 \u0438\u043c. \u0410\u043b\u044c-\u0424\u0430\u0440\u0430\u0431\u0438 (\u0433.\u0410\u043b\u043c\u0430\u0442\u044b);\r\n\u0410\u043b\u043c\u0430\u0442\u0438\u043d\u0441\u043a\u0438\u0439 \u0443\u043d\u0438\u0432\u0435\u0440\u0441\u0438\u0442\u0435\u0442 \u044d\u043d\u0435\u0440\u0433\u0435\u0442\u0438\u043a\u0438 \u0438 \u0441\u0432\u044f\u0437\u0438 (\u0423\u042d\u0421);\r\n\u0413\u0438\u043c\u043d\u0430\u0437\u0438\u044f \u211625 \u0438\u043c. \u0418\u043b\u044c\u044f\u0441\u0430 \u0415\u0441\u0435\u043d\u0431\u0435\u0440\u043b\u0438\u043d\u0430;\r\n\u0415\u0432\u0440\u0430\u0437\u0438\u0439\u0441\u043a\u0438\u0439 \u0442\u0435\u0445\u043d\u043e\u043b\u043e\u0433\u0438\u0447\u0435\u0441\u043a\u0438\u0439 \u043a\u043e\u043b\u043b\u0435\u0434\u0436;\r\n\u041d\u0430\u0437\u0430\u0440\u0431\u0430\u0435\u0432 \u0438\u043d\u0442\u0435\u043b\u043b\u0435\u043a\u0442\u0443\u0430\u043b\u044c\u043d\u0430\u044f \u0448\u043a\u043e\u043b\u0430 \u0444\u0438\u0437\u0438\u043a\u043e-\u043c\u0430\u0442\u0435\u043c\u0430\u0442\u0438\u0447\u0435\u0441\u043a\u043e\u0433\u043e \u043d\u0430\u043f\u0440\u0430\u0432\u043b\u0435\u043d\u0438\u044f (\u041d\u0418\u0428\u0424\u041c);\r\n\u0420\u0435\u0441\u043f\u0443\u0431\u043b\u0438\u043a\u0430\u043d\u0441\u043a\u0430\u044f \u0444\u0438\u0437\u0438\u043a\u043e-\u043c\u0430\u0442\u0435\u043c\u0430\u0442\u0438\u0447\u0435\u0441\u043a\u0430\u044f \u0448\u043a\u043e\u043b\u0430 (\u0420\u0424\u041c\u0428).\r\n\u041a\u044b\u0440\u0433\u044b\u0437\u0441\u0442\u0430\u043d:\r\n\u041a\u044b\u0440\u0433\u044b\u0437\u0441\u043a\u0438\u0439 \u0433\u043e\u0441\u0443\u0434\u0430\u0440\u0441\u0442\u0432\u0435\u043d\u043d\u044b\u0439 \u044e\u0440\u0438\u0434\u0438\u0447\u0435\u0441\u043a\u0438\u0439 \u0443\u043d\u0438\u0432\u0435\u0440\u0441\u0438\u0442\u0435\u0442;\r\n\u0410\u043c\u0435\u0440\u0438\u043a\u0430\u043d\u0441\u043a\u0438\u0439 \u0443\u043d\u0438\u0432\u0435\u0440\u0441\u0438\u0442\u0435\u0442 \u0426\u0435\u043d\u0442\u0440\u0430\u043b\u044c\u043d\u043e\u0439 \u0410\u0437\u0438\u0438;\r\n\u041a\u044b\u0440\u0433\u044b\u0437\u0441\u043a\u043e-\u0420\u043e\u0441\u0441\u0438\u0439\u0441\u043a\u0438\u0439 \u0441\u043b\u0430\u0432\u044f\u043d\u0441\u043a\u0438\u0439 \u0443\u043d\u0438\u0432\u0435\u0440\u0441\u0438\u0442\u0435\u0442;\r\n\u041a\u044b\u0440\u0433\u044b\u0437\u0441\u043a\u0438\u0439 \u0433\u043e\u0441\u0443\u0434\u0430\u0440\u0441\u0442\u0432\u0435\u043d\u043d\u044b\u0439 \u0442\u0435\u0445\u043d\u0438\u0447\u0435\u0441\u043a\u0438\u0439 \u0443\u043d\u0438\u0432\u0435\u0440\u0441\u0438\u0442\u0435\u0442 \u0438\u043c. \u0420\u0430\u0437\u0437\u0430\u043a\u043e\u0432\u0430;\r\n\u0411\u0438\u0448\u043a\u0435\u043a\u0441\u043a\u0438\u0439 \u0433\u0443\u043c\u0430\u043d\u0438\u0442\u0430\u0440\u043d\u044b\u0439 \u0443\u043d\u0438\u0432\u0435\u0440\u0441\u0438\u0442\u0435\u0442;\r\n\u041a\u044b\u0440\u0433\u044b\u0437\u0441\u043a\u043e-\u0422\u0443\u0440\u0435\u0446\u043a\u0438\u0439 \u0443\u043d\u0438\u0432\u0435\u0440\u0441\u0438\u0442\u0435\u0442 \u00ab\u041c\u0430\u043d\u0430\u0441\u00bb;\r\n\u0423\u041d\u041f\u041a \u00ab\u041c\u0423\u041a\u00bb;\r\n\u00ab\u0411\u0438\u043b\u0438\u043c\u043a\u0430\u043d\u0430\u00bb \u0448\u043a\u043e\u043b\u0430-\u0433\u0438\u043c\u043d\u0430\u0437\u0438\u044f \u211626;\r\n\u0428\u043a\u043e\u043b\u0430-\u0433\u0438\u043c\u043d\u0430\u0437\u0438\u044f \u21168;\r\n\u0421\u0440\u0435\u0434\u043d\u044f\u044f \u0448\u043a\u043e\u043b\u0430-\u0433\u0438\u043c\u043d\u0430\u0437\u0438\u044f \u211610 \u0438\u043c. \u0410.\u0421. \u041c\u0430\u043a\u0430\u0440\u0435\u043d\u043a\u043e;\r\n\u0438\u0448\u043a\u0435\u043a\u0441\u043a\u0438\u0439 \u041a\u044b\u0440\u0433\u044b\u0437\u0441\u043a\u043e-\u0422\u0443\u0440\u0435\u0446\u043a\u0438\u0439 \u0436\u0435\u043d\u0441\u043a\u0438\u0439 \u043b\u0438\u0446\u0435\u0439 \u00ab\u0410\u0439\u0447\u0443\u0440\u043e\u043a\u00bb;\r\n\u0423\u0412\u041a \u0448\u043a\u043e\u043b\u0430-\u0433\u0438\u043c\u043d\u0430\u0437\u0438\u044f \u211620;\r\n\u0423\u0412\u041a \u0448\u043a\u043e\u043b\u0430-\u0433\u0438\u043c\u043d\u0430\u0437\u0438\u044f \u211670;\r\n\u042d\u043a\u043e\u043b\u043e\u0433\u043e-\u044d\u043a\u043e\u043d\u043e\u043c\u0438\u0447\u0435\u0441\u043a\u0438\u0439 \u043b\u0438\u0446\u0435\u0439 \u211665;\r\n\u0428\u043a\u043e\u043b\u0430-\u0433\u0438\u043c\u043d\u0430\u0437\u0438\u044f \u211664;\r\n\u041a\u042d\u0438\u0421 \u043f\u0440\u0438 \u041a\u042d\u0423 \u0438\u043c. \u0420\u044b\u0441\u043a\u0443\u043b\u0431\u0435\u043a\u043e\u0432\u0430;\r\n\u0423\u0412\u041a \u0448\u043a\u043e\u043b\u0430-\u0433\u0438\u043c\u043d\u0430\u0437\u0438\u044f \u211612;\r\n\u041a\u044b\u0440\u0433\u044b\u0437\u0441\u043a\u043e-\u041a\u043e\u0440\u0435\u0439\u0441\u043a\u0438\u0439 \u043a\u043e\u043b\u043b\u0435\u0434\u0436;\r\n\u0421\u041e\u0428 \u041a\u0420\u0421\u0423.\r\n\u041f\u043e \u0438\u0442\u043e\u0433\u0430\u043c \u0442\u0443\u0440\u043d\u0438\u0440\u0430 \u043f\u0435\u0440\u0432\u043e\u0435 \u043c\u0435\u0441\u0442\u043e \u0437\u0430\u043d\u044f\u043b\u0430 \u043a\u043e\u043c\u0430\u043d\u0434\u0430 \u0438\u0437 \u041d\u0430\u0437\u0430\u0440\u0431\u0430\u0435\u0432 \u0443\u043d\u0438\u0432\u0435\u0440\u0441\u0438\u0442\u0435\u0442\u0430, \u0432\u0442\u043e\u0440\u043e\u0435 \u0438 \u0442\u0440\u0435\u0442\u044c\u0435 \u043c\u0435\u0441\u0442\u043e \u0437\u0430\u043d\u044f\u0442\u0438\u0438 \u043a\u043e\u043c\u0430\u043d\u0434\u044b \u0438\u0437 \u0415\u041d\u0423 \u0438\u043c. \u0413\u0443\u043c\u0435\u043b\u0435\u0432\u0430 \u0438 KIMEP.",
    "created_at": "2019-12-26T06:24:47.934Z",
    "photo": "news_images/manas-cup-2019-1-3.jpeg"
  }
},
{
  "model": "webapp.news",
  "pk": 2,
  "fields": {
    "title": "\u041c\u0435\u0436\u0434\u0443\u043d\u0430\u0440\u043e\u0434\u043d\u044b\u0439 \u0443\u043d\u0438\u0432\u0435\u0440\u0441\u0438\u0442\u0435\u0442 \u041a\u044b\u0440\u0433\u044b\u0437\u0441\u0442\u0430\u043d\u0430 \u043d\u0430\u043c\u0435\u0440\u0435\u043d \u0430\u043a\u0442\u0438\u0432\u043d\u043e \u0441\u043e\u0442\u0440\u0443\u0434\u043d\u0438\u0447\u0430\u0442\u044c \u0441 \u043f\u0430\u0440\u0442\u043d\u0435\u0440\u0430\u043c\u0438 9999999999999999999999999999999999",
    "text": "18 \u0434\u0435\u043a\u0430\u0431\u0440\u044f \u0432 \u0412\u043e\u0441\u0442\u043e\u0447\u043d\u043e\u043c \u043a\u0430\u043c\u043f\u0443\u0441\u0435 \u041d\u041e\u0423 \u0423\u041d\u041f\u041a \u00ab\u041c\u0423\u041a\u00bb \u043f\u0440\u043e\u0448\u0435\u043b \u043e\u0447\u0435\u0440\u0435\u0434\u043d\u043e\u0439 \u043a\u0440\u0443\u0433\u043b\u044b\u0439 \u0441\u0442\u043e\u043b \u00ab\u0412\u0423\u0417-\u0440\u0430\u0431\u043e\u0442\u043e\u0434\u0430\u0442\u0435\u043b\u044c: \u043e\u0446\u0435\u043d\u043a\u0430 \u043a\u0430\u0447\u0435\u0441\u0442\u0432\u0430 \u043f\u043e\u0434\u0433\u043e\u0442\u043e\u0432\u043a\u0438 \u0432\u044b\u043f\u0443\u0441\u043a\u043d\u0438\u043a\u043e\u0432\u00bb. \u0426\u0435\u043b\u044c\u044e \u043c\u0435\u0440\u043e\u043f\u0440\u0438\u044f\u0442\u0438\u044f \u0441\u0442\u0430\u043b\u043e \u0440\u0430\u0437\u0432\u0438\u0442\u0438\u0435 \u044d\u0444\u0444\u0435\u043a\u0442\u0438\u0432\u043d\u043e\u0433\u043e \u0432\u0437\u0430\u0438\u043c\u043e\u0434\u0435\u0439\u0441\u0442\u0432\u0438\u044f \u0432\u0443\u0437\u0430 \u0441 \u0440\u0430\u0431\u043e\u0442\u043e\u0434\u0430\u0442\u0435\u043b\u044f\u043c\u0438.\r\n\r\n\u0412 \u0440\u0430\u0431\u043e\u0442\u0435 \u043a\u0440\u0443\u0433\u043b\u043e\u0433\u043e \u0441\u0442\u043e\u043b\u0430 \u0430\u043a\u0442\u0438\u0432\u043d\u043e\u0435 \u0443\u0447\u0430\u0441\u0442\u0438\u0435 \u043f\u0440\u0438\u043d\u044f\u043b\u0438 \u043d\u0430\u0448\u0438 \u0441\u043e\u0446\u0438\u0430\u043b\u044c\u043d\u044b\u0435 \u043f\u0430\u0440\u0442\u043d\u0435\u0440\u044b, \u043a\u043e\u0442\u043e\u0440\u044b\u0435 \u0432\u044b\u0441\u0442\u0443\u043f\u0438\u043b\u0438 \u0441 \u043f\u0440\u0435\u0434\u043b\u043e\u0436\u0435\u043d\u0438\u044f\u043c\u0438 \u043f\u0440\u043e\u0434\u043e\u043b\u0436\u0438\u0442\u044c \u0432\u0437\u0430\u0438\u043c\u043e\u0434\u0435\u0439\u0441\u0442\u0432\u0438\u0435 \u0441 \u0432\u0443\u0437\u043e\u043c \u0438 \u0432\u044b\u0432\u0435\u0441\u0442\u0438 \u043d\u0430 \u043d\u043e\u0432\u044b\u0439, \u0431\u043e\u043b\u0435\u0435 \u043a\u0430\u0447\u0435\u0441\u0442\u0432\u0435\u043d\u043d\u044b\u0439 \u0443\u0440\u043e\u0432\u0435\u043d\u044c \u0432\u0437\u0430\u0438\u043c\u043e\u0432\u044b\u0433\u043e\u0434\u043d\u043e\u0433\u043e \u0441\u043e\u0442\u0440\u0443\u0434\u043d\u0438\u0447\u0435\u0441\u0442\u0432\u0430.\r\n\r\n\u041a \u043f\u0440\u0438\u043c\u0435\u0440\u0443, \u0437\u0430\u043c\u0435\u0441\u0442\u0438\u0442\u0435\u043b\u044c \u0434\u0438\u0440\u0435\u043a\u0442\u043e\u0440\u0430 \u043f\u043e \u0438\u043d\u043e\u0441\u0442\u0440\u0430\u043d\u043d\u044b\u043c \u044f\u0437\u044b\u043a\u0430\u043c \u0423\u0412\u041a \u0448\u043a\u043e\u043b\u044b-\u0433\u0438\u043c\u043d\u0430\u0437\u0438\u0438 \u211695 \u0410.\u0416. \u0418\u043c\u0430\u043d\u0430\u043b\u0438\u0435\u0432\u0430 \u0440\u0430\u0441\u0441\u043a\u0430\u0437\u0430\u043b\u0430 \u043e \u043f\u0440\u043e\u0448\u043b\u043e\u043c \u043e\u043f\u044b\u0442\u0435 \u0441\u043e\u0442\u0440\u0443\u0434\u043d\u0438\u0447\u0435\u0441\u0442\u0432\u0430 \u0441 \u0443\u043d\u0438\u0432\u0435\u0440\u0441\u0438\u0442\u0435\u0442\u043e\u043c, \u0438 \u043f\u0440\u0435\u0434\u043b\u043e\u0436\u0438\u043b\u0430 \u0443\u0432\u0435\u043b\u0438\u0447\u0438\u0442\u044c \u043a\u043e\u043b\u0438\u0447\u0435\u0441\u0442\u0432\u043e \u0441\u0442\u0443\u0434\u0435\u043d\u0442\u043e\u0432 \u0434\u043b\u044f \u043f\u0440\u043e\u0445\u043e\u0436\u0434\u0435\u043d\u0438\u044f \u043f\u0440\u0430\u043a\u0442\u0438\u043a\u0438 \u0432 \u0438\u0445 \u0448\u043a\u043e\u043b\u0435, \u0432 \u0441\u0432\u044f\u0437\u0438 \u0441 \u043f\u043e\u043b\u043e\u0436\u0438\u0442\u0435\u043b\u044c\u043d\u044b\u043c \u043e\u0442\u0437\u044b\u0432\u043e\u043c \u0440\u0443\u043a\u043e\u0432\u043e\u0434\u0441\u0442\u0432\u0430 \u0438 \u0443\u0447\u0430\u0449\u0438\u0445\u0441\u044f \u0448\u043a\u043e\u043b\u044b \u043f\u043e \u0440\u0430\u0431\u043e\u0442\u0435 \u043f\u0440\u0435\u0434\u044b\u0434\u0443\u0449\u0438\u0445 \u043f\u0440\u0430\u043a\u0442\u0438\u043a\u0430\u043d\u0442\u043e\u0432 \u2013 \u0431\u0443\u0434\u0443\u0449\u0438\u0445 \u043f\u0435\u0434\u0430\u0433\u043e\u0433\u043e\u0432-\u0444\u0438\u043b\u043e\u043b\u043e\u0433\u043e\u0432.\r\n\r\n\u0410 \u043d\u0430\u0446\u0438\u043e\u043d\u0430\u043b\u044c\u043d\u044b\u0439 \u043a\u043e\u043e\u0440\u0434\u0438\u043d\u0430\u0442\u043e\u0440 \u0432\u043e\u043b\u043e\u043d\u0442\u0435\u0440\u043e\u0432 \u0438 \u043c\u043e\u043b\u043e\u0434\u0435\u0436\u0438 \u041d\u0430\u0446\u0438\u043e\u043d\u0430\u043b\u044c\u043d\u043e\u0433\u043e \u041e\u0431\u0449\u0435\u0441\u0442\u0432\u0430 \u041a\u0440\u0430\u0441\u043d\u043e\u0433\u043e \u041f\u043e\u043b\u0443\u043c\u0435\u0441\u044f\u0446\u0430 \u041a\u0420 \u0410. \u041a\u0430\u043d\u0433\u0435\u043b\u044c\u0434\u0438\u0435\u0432\u0430 \u0440\u0430\u0441\u0441\u043a\u0430\u0437\u0430\u043b\u0430 \u043e\u0431 \u043e\u0441\u043e\u0431\u0435\u043d\u043d\u043e\u0441\u0442\u044f\u0445 \u043f\u0440\u043e\u0445\u043e\u0436\u0434\u0435\u043d\u0438\u044f \u043f\u0440\u043e\u0438\u0437\u0432\u043e\u0434\u0441\u0442\u0432\u0435\u043d\u043d\u043e\u0439 \u043f\u0440\u0430\u043a\u0442\u0438\u043a\u0438 \u0441\u0442\u0443\u0434\u0435\u043d\u0442\u0430\u043c\u0438 \u0432\u0443\u0437\u043e\u0432 \u0432 \u0438\u0445 \u043e\u0440\u0433\u0430\u043d\u0438\u0437\u0430\u0446\u0438\u0438. \r\n\r\n\u0423\u0447\u0430\u0441\u0442\u043d\u0438\u043a\u0430\u043c\u0438 \u043c\u0435\u0440\u043e\u043f\u0440\u0438\u044f\u0442\u0438\u044f \u0431\u044b\u043b\u0438 \u0442\u0430\u043a\u0436\u0435 \u0437\u0430\u0432\u0435\u0434\u0443\u044e\u0449\u0438\u0439 \u043e\u0442\u0434\u0435\u043b\u043e\u043c \u041c\u0438\u043d\u0438\u0441\u0442\u0435\u0440\u0441\u0442\u0432\u0430 \u043a\u0443\u043b\u044c\u0442\u0443\u0440\u044b, \u0438\u043d\u0444\u043e\u0440\u043c\u0430\u0446\u0438\u0438 \u0438 \u0442\u0443\u0440\u0438\u0437\u043c\u0430 \u041a\u044b\u0440\u0433\u044b\u0437\u0441\u043a\u043e\u0439 \u0420\u0435\u0441\u043f\u0443\u0431\u043b\u0438\u043a\u0438, \u0413\u0435\u043d\u0435\u0440\u0430\u043b\u044c\u043d\u044b\u0439 \u0441\u0435\u043a\u0440\u0435\u0442\u0430\u0440\u044c \u043c\u0435\u0436\u0434\u0443\u043d\u0430\u0440\u043e\u0434\u043d\u043e\u0439 \u043f\u043e\u043b\u0438\u0446\u0435\u0439\u0441\u043a\u043e\u0439 \u0430\u0441\u0441\u043e\u0446\u0438\u0430\u0446\u0438\u0438, \u0434\u0438\u0440\u0435\u043a\u0442\u043e\u0440\u044b \u0442\u0443\u0440\u0438\u0441\u0442\u0438\u0447\u0435\u0441\u043a\u0438\u0445 \u0444\u0438\u0440\u043c, \u043f\u0435\u0440\u0435\u0432\u043e\u0434\u0447\u0435\u0441\u043a\u0438\u0445 \u0430\u0433\u0435\u043d\u0442\u0441\u0442\u0432, \u043f\u0440\u0435\u0434\u0441\u0442\u0430\u0432\u0438\u0442\u0435\u043b\u0438 \u043f\u0440\u0430\u0432\u043e\u043e\u0445\u0440\u0430\u043d\u0438\u0442\u0435\u043b\u044c\u043d\u044b\u0445 \u043e\u0440\u0433\u0430\u043d\u043e\u0432 \u0441\u0442\u0440\u0430\u043d\u044b, \u0430 \u0442\u0430\u043a\u0436\u0435 \u0440\u0443\u043a\u043e\u0432\u043e\u0434\u0438\u0442\u0435\u043b\u0438 \u0432\u044b\u0441\u0448\u0438\u0445 \u0443\u0447\u0435\u0431\u043d\u044b\u0445 \u0437\u0430\u0432\u0435\u0434\u0435\u043d\u0438\u0439.\r\n\r\n\u041a\u0440\u0443\u0433\u043b\u044b\u0439 \u0441\u0442\u043e\u043b \u043f\u0440\u043e\u0448\u0435\u043b \u0432 \u0434\u0440\u0443\u0436\u0435\u0441\u043a\u043e\u0439 \u0430\u0442\u043c\u043e\u0441\u0444\u0435\u0440\u0435. \u041f\u0440\u0438\u0441\u0443\u0442\u0441\u0442\u0432\u0443\u044e\u0449\u0438\u0435 \u0430\u043a\u0442\u0438\u0432\u043d\u043e \u0437\u0430\u0434\u0430\u0432\u0430\u043b\u0438 \u0432\u043e\u043f\u0440\u043e\u0441\u044b \u0438 \u043f\u043e\u043b\u0443\u0447\u0430\u043b\u0438 \u0438\u0441\u0447\u0435\u0440\u043f\u044b\u0432\u0430\u044e\u0449\u0438\u0435 \u043e\u0442\u0432\u0435\u0442\u044b.\r\n\r\n\u0412 \u0437\u0430\u0432\u0435\u0440\u0448\u0435\u043d\u0438\u0438 \u043c\u0435\u0440\u043e\u043f\u0440\u0438\u044f\u0442\u0438\u044f \u0434\u043b\u044f \u0432\u0441\u0435\u0445 \u0443\u0447\u0430\u0441\u0442\u043d\u0438\u043a\u043e\u0432 \u043a\u0440\u0443\u0433\u043b\u043e\u0433\u043e \u0441\u0442\u043e\u043b\u0430 \u043f\u0440\u043e\u0432\u0435\u043b\u0438 \u044d\u043a\u0441\u043a\u0443\u0440\u0441\u0438\u044e \u043f\u043e \u043a\u0430\u043c\u043f\u0443\u0441\u0443, \u0438 \u0432\u0440\u0443\u0447\u0438\u043b\u0438 \u0431\u043b\u0430\u0433\u043e\u0434\u0430\u0440\u0441\u0442\u0432\u0435\u043d\u043d\u044b\u0435 \u043f\u0438\u0441\u044c\u043c\u0430.\r\n\r\n\u041f\u043e \u0438\u0442\u043e\u0433\u0430\u043c \u0432\u0441\u0442\u0440\u0435\u0447\u0438, \u043f\u0440\u0438\u0441\u0443\u0442\u0441\u0442\u0432\u0443\u044e\u0449\u0438\u0435 \u043f\u0440\u0435\u0434\u043b\u043e\u0436\u0438\u043b\u0438 \u0432 \u0434\u0430\u043b\u044c\u043d\u0435\u0439\u0448\u0435\u043c \u0448\u0438\u0440\u043e\u043a\u043e \u043f\u0440\u0438\u0432\u043b\u0435\u043a\u0430\u0442\u044c \u0441\u043f\u0435\u0446\u0438\u0430\u043b\u0438\u0441\u0442\u043e\u0432-\u043f\u0440\u0430\u043a\u0442\u0438\u043a\u043e\u0432, \u0438 \u043f\u0440\u0438\u043d\u0438\u043c\u0430\u0442\u044c \u0430\u043a\u0442\u0438\u0432\u043d\u043e\u0435 \u0443\u0447\u0430\u0441\u0442\u0438\u0435 \u0432 \u0440\u0430\u0437\u0440\u0430\u0431\u043e\u0442\u043a\u0435 \u0438 \u0440\u0435\u0430\u043b\u0438\u0437\u0430\u0446\u0438\u0438 \u0441\u043e\u0432\u043c\u0435\u0441\u0442\u043d\u044b\u0445 \u0438\u043d\u043d\u043e\u0432\u0430\u0446\u0438\u043e\u043d\u043d\u044b\u0445, \u0438\u043d\u0442\u0435\u0433\u0440\u0438\u0440\u043e\u0432\u0430\u043d\u043d\u044b\u0445 \u043e\u0431\u0440\u0430\u0437\u043e\u0432\u0430\u0442\u0435\u043b\u044c\u043d\u044b\u0445 \u043f\u0440\u043e\u0433\u0440\u0430\u043c\u043c, \u0443\u0447\u0435\u0431\u043d\u044b\u0445 \u043f\u043b\u0430\u043d\u043e\u0432.\r\n\r\n\u0410 \u0442\u0430\u043a\u0436\u0435 \u043f\u0440\u0438\u043d\u044f\u0442\u043e \u0440\u0435\u0448\u0435\u043d\u0438\u0435 \u043e\u0431 \u0430\u043a\u0442\u0438\u0432\u0438\u0437\u0430\u0446\u0438\u0438 \u0441\u043e\u0442\u0440\u0443\u0434\u043d\u0438\u0447\u0435\u0441\u0442\u0432\u0430 \u0441 \u043f\u0430\u0440\u0442\u043d\u0435\u0440\u0430\u043c\u0438 \u0423\u041d\u041f\u041a \u00ab\u041c\u0423\u041a\u00bb \u0438 \u0432\u0435\u0434\u0435\u043d\u0438\u044f \u043c\u043e\u043d\u0438\u0442\u043e\u0440\u0438\u043d\u0433\u0430 \u0432\u0437\u0430\u0438\u043c\u043e\u0434\u0435\u0439\u0441\u0442\u0432\u0438\u044f \u0432\u0443\u0437\u0430 \u043f\u043e \u0441\u043e\u043f\u0440\u043e\u0432\u043e\u0436\u0434\u0435\u043d\u0438\u044e \u0441\u043e\u0446\u0438\u0430\u043b\u044c\u043d\u043e-\u043f\u0440\u043e\u0444\u0435\u0441\u0441\u0438\u043e\u043d\u0430\u043b\u044c\u043d\u043e\u0439 \u0430\u0434\u0430\u043f\u0442\u0430\u0446\u0438\u0438 \u0432\u044b\u043f\u0443\u0441\u043a\u043d\u0438\u043a\u043e\u0432.\r\n\u0423\u0447\u0430\u0441\u0442\u043d\u0438\u043a\u0438 \u0440\u0435\u0448\u0438\u043b\u0438 \u043d\u0435 \u043e\u0441\u0442\u0430\u043d\u0430\u0432\u043b\u0438\u0432\u0430\u0442\u044c\u0441\u044f \u043d\u0430 \u0434\u043e\u0441\u0442\u0438\u0433\u043d\u0443\u0442\u043e\u043c \u0438 \u043f\u0440\u043e\u0432\u043e\u0434\u0438\u0442\u044c \u0431\u043e\u043b\u044c\u0448\u0435 \u043c\u0435\u0440\u043e\u043f\u0440\u0438\u044f\u0442\u0438\u0439 \u0434\u043b\u044f \u0441\u0442\u0443\u0434\u0435\u043d\u0442\u043e\u0432 (\u0433\u043e\u0441\u0442\u0435\u0432\u044b\u0435 \u043b\u0435\u043a\u0446\u0438\u0438, \u0448\u043a\u043e\u043b\u044b, \u043a\u043e\u043d\u0444\u0435\u0440\u0435\u043d\u0446\u0438\u0438, \u0441\u0435\u043c\u0438\u043d\u0430\u0440\u044b, \u043c\u0430\u0441\u0442\u0435\u0440-\u043a\u043b\u0430\u0441\u0441\u044b) \u0441 \u0443\u0447\u0430\u0441\u0442\u0438\u0435\u043c \u0440\u0430\u0431\u043e\u0442\u043e\u0434\u0430\u0442\u0435\u043b\u0435\u0439.",
    "created_at": "2019-12-26T07:02:44.020Z",
    "photo": "news_images/_mezhdunarodnyy-universitet-kyrgyzstana-nameren-aktivno-sotrudnichat-s-partnerami.jpg"
  }
},
{
  "model": "webapp.news",
  "pk": 3,
  "fields": {
    "title": "\u2014 \u0423\u0432\u0430\u0436\u0430\u0435\u043c\u044b\u0435 \u0437\u0430\u0432\u0435\u0434\u0443\u044e\u0449\u0438\u0435 \u043a\u0430\u0444\u0435\u0434\u0440\u0430\u043c\u0438 \u0438 \u043f\u0440\u0435\u043f\u043e\u0434\u0430\u0432\u0430\u0442\u0435\u043b\u0438!888888888888888",
    "text": "\u041f\u0440\u0435\u0434\u0441\u0442\u0430\u0432\u0438\u0442\u0435\u043b\u0438 \u043a\u043e\u043c\u043f\u0430\u043d\u0438\u0438 \u00abElectronik Information Technologies\u00bb \u0432 \u0440\u0430\u043c\u043a\u0430\u0445 \u0441\u043e\u0432\u043c\u0435\u0441\u0442\u043d\u043e\u0433\u043e \u0441\u043e\u0442\u0440\u0443\u0434\u043d\u0438\u0447\u0435\u0441\u0442\u0432\u0430 \u043f\u0440\u043e\u0434\u043b\u0438\u043b\u0438 \u0432\u0440\u0435\u043c\u0435\u043d\u043d\u044b\u0439 \u0434\u043e\u0441\u0442\u0443\u043f, \u0432\u044b\u0434\u0430\u043d\u043d\u044b\u0439 \u043d\u0430 \u0442\u0440\u0435\u043d\u0438\u043d\u0433\u0435 4 \u0434\u0435\u043a\u0430\u0431\u0440\u044f 2019\u0433. \u043d\u0430 \u043e\u0431\u0440\u0430\u0437\u043e\u0432\u0430\u0442\u0435\u043b\u044c\u043d\u044b\u0439 c\u0435\u0440\u0432\u0438\u0441 Biblioteka.kg \u0434\u043e 9 \u0434\u0435\u043a\u0430\u0431\u0440\u044f 2019\u0433.\r\n\u0423\u0441\u043f\u0435\u0439\u0442\u0435 \u0432\u043e\u0441\u043f\u043e\u043b\u044c\u0437\u043e\u0432\u0430\u0442\u044c\u0441\u044f \u0441\u0430\u043c\u044b\u043c \u0432\u044b\u0433\u043e\u0434\u043d\u044b\u043c \u043f\u0440\u0435\u0434\u043b\u043e\u0436\u0435\u043d\u0438\u0435\u043c \u0443\u0436\u0435 \u0441\u0435\u0433\u043e\u0434\u043d\u044f!",
    "created_at": "2019-12-27T07:22:46.180Z",
    "photo": "news_images/_uvazhaemye-zaveduyuschie-kafedrami-i-prepodavateli.jpeg"
  }
},
{
  "model": "webapp.news",
  "pk": 4,
  "fields": {
    "title": "\u2014 \u042d\u043b\u0435\u043a\u0442\u0440\u043e\u043d\u043d\u043e-\u0431\u0438\u0431\u043b\u0438\u043e\u0442\u0435\u0447\u043d\u0430\u044f \u0441\u0438\u0441\u0442\u0435\u043c\u0430 (\u042d\u0411\u0421) \u00abZnanium\u00bb",
    "text": "\u0413\u0440\u0443\u043f\u043f\u0430 \u043a\u043e\u043c\u043f\u0430\u043d\u0438\u0439 \u00ab\u0418\u041d\u0424\u0420\u0410-\u041c\u00bb(\u0420\u043e\u0441\u0441\u0438\u044f, \u041c\u043e\u0441\u043a\u0432\u0430), \u0432 \u0440\u0430\u043c\u043a\u0430\u0445 \u0441\u043e\u0442\u0440\u0443\u0434\u043d\u0438\u0447\u0435\u0441\u0442\u0432\u0430 \u0441 \u041d\u0430\u0443\u0447\u043d\u043e\u0439 \u0431\u0438\u0431\u043b\u0438\u043e\u0442\u0435\u043a\u043e\u0439 \u0417\u0430\u043f\u0430\u0434\u043d\u043e\u0433\u043e \u043a\u0430\u043c\u043f\u0443\u0441\u0430 \u043e\u0442\u043a\u0440\u044b\u043b\u0430 \u0442\u0435\u0441\u0442\u043e\u0432\u044b\u0439 \u0434\u043e\u0441\u0442\u0443\u043f \u043a \u0431\u0430\u0437\u043e\u0432\u043e\u0439 \u043a\u043e\u043b\u043b\u0435\u043a\u0446\u0438\u0438 \u042d\u043b\u0435\u043a\u0442\u0440\u043e\u043d\u043d\u043e-\u0431\u0438\u0431\u043b\u0438\u043e\u0442\u0435\u0447\u043d\u043e\u0439 \u0441\u0438\u0441\u0442\u0435\u043c\u044b (\u042d\u0411\u0421) \u00abZnanium\u00bb https://znanium.com/. \u0414\u043e\u0441\u0442\u0443\u043f \u043f\u0440\u0435\u0434\u043e\u0441\u0442\u0430\u0432\u043b\u044f\u0435\u0442\u0441\u044f \u0432\u0441\u0435\u043c\u0443 \u0410\u043a\u0430\u0434\u0435\u043c\u0438\u0447\u0435\u0441\u043a\u043e\u043c\u0443 \u043a\u043e\u043d\u0441\u043e\u0440\u0446\u0438\u0443\u043c\u0443 \u00ab\u041c\u0423\u041a\u00bb \u043f\u043e IP \u2013 \u0430\u0434\u0440\u0435\u0441\u0430\u043c \u0432\u0441\u0435\u0445 \u043a\u0430\u043c\u043f\u0443\u0441\u043e\u0432 \u0441 16 \u0434\u0435\u043a\u0430\u0431\u0440\u044f 2019 \u0433. \u043f\u043e 2 \u0444\u0435\u0432\u0440\u0430\u043b\u044f 2020 \u0433.\r\n\r\n\u042d\u0411\u0421 \u00abZnanium\u00bb - \u044d\u0442\u043e \u0438\u043d\u0444\u043e\u0440\u043c\u0430\u0446\u0438\u043e\u043d\u043d\u043e \u2013 \u043e\u0431\u0440\u0430\u0437\u043e\u0432\u0430\u0442\u0435\u043b\u044c\u043d\u044b\u0439 \u043f\u043e\u0440\u0442\u0430\u043b, \u0432\u043a\u043b\u044e\u0447\u0430\u044e\u0449\u0438\u0439 \u044d\u043b\u0435\u043a\u0442\u0440\u043e\u043d\u043d\u0443\u044e \u0432\u0435\u0440\u0441\u0438\u044e \u043b\u0438\u0442\u0435\u0440\u0430\u0442\u0443\u0440\u044b 10 \u0438\u0437\u0434\u0430\u0442\u0435\u043b\u044c\u0441\u0442\u0432 \u0433\u0440\u0443\u043f\u043f\u044b \u043a\u043e\u043c\u043f\u0430\u043d\u0438\u0439 \u00ab\u0418\u041d\u0424\u0420\u0410-\u041c\u00bb. \u0411\u0430\u0437\u043e\u0432\u0430\u044f \u043a\u043e\u043b\u043b\u0435\u043a\u0446\u0438\u044f \u0441\u043e\u0434\u0435\u0440\u0436\u0438\u0442 50 000 \u043d\u0430\u0438\u043c\u0435\u043d\u043e\u0432\u0430\u043d\u0438\u0439 \u044d\u043b\u0435\u043a\u0442\u0440\u043e\u043d\u043d\u044b\u0445 \u0438\u0437\u0434\u0430\u043d\u0438\u0439. \u042d\u0442\u043e \u0443\u0447\u0435\u0431\u043d\u0438\u043a\u0438, \u0443\u0447\u0435\u0431\u043d\u044b\u0435 \u043f\u043e\u0441\u043e\u0431\u0438\u044f, \u0423\u041c\u041a, \u043c\u043e\u043d\u043e\u0433\u0440\u0430\u0444\u0438\u0438, \u0430\u0432\u0442\u043e\u0440\u0435\u0444\u0435\u0440\u0430\u0442\u044b, \u0434\u0438\u0441\u0441\u0435\u0440\u0442\u0430\u0446\u0438\u0438, \u044d\u043d\u0446\u0438\u043a\u043b\u043e\u043f\u0435\u0434\u0438\u0438, \u0441\u043b\u043e\u0432\u0430\u0440\u0438 \u0438 \u0441\u043f\u0440\u0430\u0432\u043e\u0447\u043d\u0438\u043a\u0438, \u0437\u0430\u043a\u043e\u043d\u043e\u0434\u0430\u0442\u0435\u043b\u044c\u043d\u043e-\u043d\u043e\u0440\u043c\u0430\u0442\u0438\u0432\u043d\u044b\u0435 \u0434\u043e\u043a\u0443\u043c\u0435\u043d\u0442\u044b \u0438 \u043d\u0430\u0443\u0447\u043d\u0430\u044f \u043f\u0435\u0440\u0438\u043e\u0434\u0438\u043a\u0430 \u043f\u043e \u0440\u0430\u0437\u043b\u0438\u0447\u043d\u044b\u043c \u043d\u0430\u043f\u0440\u0430\u0432\u043b\u0435\u043d\u0438\u044f\u043c \u043d\u0430\u0443\u043a\u0438.\r\n\r\n\u041c\u043e\u0434\u0443\u043b\u044c Discovery Znanium \u044f\u0432\u043b\u044f\u0435\u0442\u0441\u044f \u043f\u043e\u0438\u0441\u043a\u043e\u0432\u043e-\u0430\u043d\u0430\u043b\u0438\u0442\u0438\u0447\u0435\u0441\u043a\u043e\u0439 \u0441\u0438\u0441\u0442\u0435\u043c\u043e\u0439, \u043a\u043e\u0442\u043e\u0440\u0430\u044f \u0437\u043d\u0430\u0447\u0438\u0442\u0435\u043b\u044c\u043d\u043e \u0440\u0430\u0441\u0448\u0438\u0440\u044f\u0435\u0442 \u0432\u043e\u0437\u043c\u043e\u0436\u043d\u043e\u0441\u0442\u0438 \u043f\u043b\u0430\u0442\u0444\u043e\u0440\u043c\u044b Znanium https://search.znanium.com/\u043f\u0440\u0435\u0434\u043e\u0441\u0442\u0430\u0432\u043b\u044f\u044e\u0449\u0435\u0439 \u0441\u0435\u043c\u0430\u043d\u0442\u0438\u0447\u0435\u0441\u043a\u0438\u0439 \u043f\u043e\u043b\u043d\u043e\u0442\u0435\u043a\u0441\u0442\u043e\u0432\u044b\u0439 \u043f\u043e\u0438\u0441\u043a \u043f\u043e \u043c\u043d\u043e\u0433\u043e\u0447\u0438\u0441\u043b\u0435\u043d\u043d\u044b\u043c \u0434\u043e\u043a\u0443\u043c\u0435\u043d\u0442\u0430\u043c, \u0440\u0430\u0437\u043c\u0435\u0449\u0435\u043d\u043d\u044b\u043c \u0432 \u0440\u0435\u043f\u043e\u0437\u0438\u0442\u043e\u0440\u0438\u044f\u0445 \u0438 \u042d\u0411\u0421 \u0432\u0443\u0437\u043e\u0432, \u0431\u043e\u043b\u044c\u0448\u043e\u043c\u0443 \u043c\u0430\u0441\u0441\u0438\u0432\u0443 \u043f\u0435\u0440\u0438\u043e\u0434\u0438\u0447\u0435\u0441\u043a\u0438\u0445 \u0438\u0437\u0434\u0430\u043d\u0438\u0439, \u0437\u0430\u0440\u0443\u0431\u0435\u0436\u043d\u044b\u043c \u0440\u0435\u0441\u0443\u0440\u0441\u0430\u043c Open Access.\r\n\r\n\u0412 \u0441\u0438\u0441\u0442\u0435\u043c\u0435 \u043f\u0440\u0435\u0434\u0443\u0441\u043c\u043e\u0442\u0440\u0435\u043d\u0430 \u0432\u043e\u0437\u043c\u043e\u0436\u043d\u043e\u0441\u0442\u044c \u0441\u0442\u0443\u0434\u0435\u043d\u0442\u0430\u043c \u0441 \u043e\u0433\u0440\u0430\u043d\u0438\u0447\u0435\u043d\u043d\u044b\u043c\u0438 \u0432\u043e\u0437\u043c\u043e\u0436\u043d\u043e\u0441\u0442\u044f\u043c\u0438 \u0437\u0434\u043e\u0440\u043e\u0432\u044c\u044f \u043f\u043e\u043b\u0443\u0447\u0438\u0442\u044c \u0434\u043e\u0441\u0442\u0443\u043f \u043a \u0430\u0434\u0430\u043f\u0442\u0438\u0432\u043d\u043e\u0439 \u0432\u0435\u0440\u0441\u0438\u0438 \u0441\u0430\u0439\u0442\u0430 \u00abZnanium\u00bb \u0438 \u043a\u043e \u0432\u0441\u0435\u043c \u0441\u043e\u0434\u0435\u0440\u0436\u0430\u0449\u0438\u043c\u0441\u044f \u0432 \u042d\u0411\u0421 \u0440\u0435\u0441\u0443\u0440\u0441\u0430\u043c.\r\n\r\n\u0414\u043e\u0441\u0442\u0443\u043f \u043a \u043a\u043e\u043b\u043b\u0435\u043a\u0446\u0438\u044f\u043c \u043e\u0440\u0433\u0430\u043d\u0438\u0437\u043e\u0432\u0430\u043d \u0441\u043e \u0432\u0441\u0435\u0445 \u043a\u043e\u043c\u043f\u044c\u044e\u0442\u0435\u0440\u043e\u0432 \u0426\u0435\u043d\u0442\u0440\u0430\u043b\u044c\u043d\u043e\u0433\u043e, \u0417\u0430\u043f\u0430\u0434\u043d\u043e\u0433\u043e, \u0412\u043e\u0441\u0442\u043e\u0447\u043d\u043e\u0433\u043e, \u0412\u043e\u0441\u0442\u043e\u0447\u043d\u043e\u0433\u043e \u043c\u0435\u0434\u0438\u0446\u0438\u043d\u0441\u043a\u043e\u0433\u043e, \u041c\u0435\u0434\u0438\u0446\u0438\u043d\u0441\u043a\u043e\u0433\u043e \u0438 \u0418\u0441\u0441\u044b\u043a \u2013 \u041a\u0443\u043b\u044c\u0441\u043a\u043e\u0433\u043e \u043a\u0430\u043c\u043f\u0443\u0441\u043e\u0432. \u0414\u043b\u044f \u0443\u0434\u0430\u043b\u0435\u043d\u043d\u043e\u0433\u043e \u0434\u043e\u0441\u0442\u0443\u043f\u0430 \u043d\u0435\u043e\u0431\u0445\u043e\u0434\u0438\u043c\u043e \u0437\u0430\u0440\u0435\u0433\u0438\u0441\u0442\u0440\u0438\u0440\u043e\u0432\u0430\u0442\u044c\u0441\u044f \u0441 \u043a\u043e\u043c\u043f\u044c\u044e\u0442\u0435\u0440\u043e\u0432 \u0432\u044b\u0448\u0435\u0443\u043a\u0430\u0437\u0430\u043d\u043d\u044b\u0445 \u043a\u0430\u043c\u043f\u0443\u0441\u043e\u0432. \r\n\u0418\u043d\u0441\u0442\u0440\u0443\u043a\u0446\u0438\u044f \u0434\u043b\u044f \u043f\u0440\u0435\u043f\u043e\u0434\u0430\u0432\u0430\u0442\u0435\u043b\u0435\u0439: https://new.znanium.com/help/teacher\r\n\u0418\u043d\u0441\u0442\u0440\u0443\u043a\u0446\u0438\u044f \u0434\u043b\u044f \u0441\u0442\u0443\u0434\u0435\u043d\u0442\u043e\u0432: https://new.znanium.com/help/user\r\n\r\n\u0417\u0430 \u0434\u043e\u043f\u043e\u043b\u043d\u0438\u0442\u0435\u043b\u044c\u043d\u043e\u0439 \u0438\u043d\u0444\u043e\u0440\u043c\u0430\u0446\u0438\u0435\u0439 \u043e\u0431\u0440\u0430\u0449\u0430\u0442\u044c\u0441\u044f \u0432 \u041d\u0430\u0443\u0447\u043d\u0443\u044e \u0431\u0438\u0431\u043b\u0438\u043e\u0442\u0435\u043a\u0443 \u0417\u0430\u043f\u0430\u0434\u043d\u043e\u0433\u043e \u043a\u0430\u043c\u043f\u0443\u0441\u0430 \u043f\u043e \u0442\u0435\u043b. 312613634, 312610614, \u0438\u043b\u0438 \u043f\u043e email: slibrary.iuk@gmail.com",
    "created_at": "2019-12-27T07:23:39.732Z",
    "photo": "news_images/_elektronno-bibliotechnaya-sistema-ebs-znanium.jpg"
  }
},
{
  "model": "webapp.announcements",
  "pk": 1,
  "fields": {
    "title": "\u2014 \u0417\u0430\u0440\u0443\u0431\u0435\u0436\u043d\u044b\u0439 \u043e\u0431\u0440\u0430\u0437\u043e\u0432\u0430\u0442\u0435\u043b\u044c\u043d\u044b\u0439 \u0446\u0435\u043d\u0442\u0440 \u0443\u043d\u0438\u0432\u0435\u0440\u0441\u0438\u0442\u0435\u0442\u0430 \u0418\u043d\u0434\u0438\u0440\u0430 \u0413\u0430\u043d\u0434\u0438 (\u0418\u043d\u0434\u0438\u044f) \u0414\u0438\u0441\u0442\u0430\u043d\u0446\u0438\u043e\u043d\u043d\u043e\u0435 \u043e\u0431\u0440\u0430\u0437\u043e\u0432\u0430\u043d\u0438\u0435!",
    "text": "\u0417\u0430\u0440\u0443\u0431\u0435\u0436\u043d\u044b\u0439 \u043e\u0431\u0440\u0430\u0437\u043e\u0432\u0430\u0442\u0435\u043b\u044c\u043d\u044b\u0439 \u0446\u0435\u043d\u0442\u0440 \u0443\u043d\u0438\u0432\u0435\u0440\u0441\u0438\u0442\u0435\u0442\u0430 \u0418\u043d\u0434\u0438\u0440\u0430 \u0413\u0430\u043d\u0434\u0438 (\u0418\u043d\u0434\u0438\u044f) \u0441 13 \u043f\u043e 31 \u044f\u043d\u0432\u0430\u0440\u044f 2020 \u0433. \u043f\u0440\u043e\u0434\u043e\u043b\u0436\u0430\u0435\u0442 \u043d\u0430\u0431\u043e\u0440 \u0432 \u0431\u0430\u043a\u0430\u043b\u0430\u0432\u0440\u0438\u0430\u0442. \u041e\u0431\u0443\u0447\u0435\u043d\u0438\u0435 \u0434\u0438\u0441\u0442\u0430\u043d\u0446\u0438\u043e\u043d\u043d\u043e\u0435 \u2013 3 \u0433\u043e\u0434\u0430. \u0414\u0438\u043f\u043b\u043e\u043c \u043f\u0440\u0438\u0437\u043d\u0430\u0435\u0442\u0441\u044f \u0432 54 \u0441\u0442\u0440\u0430\u043d\u0430\u0445 \u0411\u0440\u0438\u0442\u0430\u043d\u0441\u043a\u043e\u0433\u043e \u0421\u043e\u0434\u0440\u0443\u0436\u0435\u0441\u0442\u0432\u0430. \r\n\u0422\u0435\u043b \u2013 61 39 46, 61 39 77, 0706490015, kelkamilya@gmail.com",
    "created_at": "2020-01-14T14:59:40.952Z",
    "photo": "announce_image/_zarubezhnyy-obrazovatelnyy-centr-universiteta-indira-gandi-indiya-distan_TraWCHw.jpg"
  }
},
{
  "model": "webapp.announcements",
  "pk": 2,
  "fields": {
    "title": "\u2014 \u0412 \u041c\u043e\u043b\u043e\u0434\u0435\u0436\u043d\u043e\u043c \u0446\u0435\u043d\u0442\u0440\u0435 \u0423\u041d\u041f\u041a \u00ab\u041c\u0423\u041a\u00bb \u043f\u0440\u043e\u0439\u0434\u0435\u0442 \u0433\u043e\u0441\u0442\u0435\u0432\u0430\u044f \u043b\u0435\u043a\u0446\u0438\u044f \u044d\u043a\u0441\u043f\u0435\u0440\u0442\u0430 \u0438\u0437 \u0421\u0430\u043d\u043a\u0442-\u041f\u0435\u0442\u0435\u0440\u0431\u0443\u0440\u0433\u0430 \u043e \u043f\u0440\u0438\u043c\u0435\u043d\u0435\u043d\u0438\u0438 \u043b\u0430\u0437\u0435\u0440\u043e\u0432 \u0432 \u043c\u0435\u0434\u0438\u0446\u0438\u043d\u0435",
    "text": "13 \u044f\u043d\u0432\u0430\u0440\u044f 2020 \u0433\u043e\u0434\u0430 \u0441 10.00 \u0434\u043e 12.00 \u0432 \u041c\u043e\u043b\u043e\u0434\u0435\u0436\u043d\u043e\u043c \u0446\u0435\u043d\u0442\u0440\u0435 \u0423\u041d\u041f\u041a \u00ab\u041c\u0423\u041a\u00bb (\u0441\u0438\u043d\u0438\u0439-\u0437\u0430\u043b) \u0441\u043e\u0441\u0442\u043e\u0438\u0442\u0441\u044f \u0433\u043e\u0441\u0442\u0435\u0432\u0430\u044f \u043b\u0435\u043a\u0446\u0438\u044f \u0430\u0441\u0441\u0438\u0441\u0442\u0435\u043d\u0442\u0430 \u0412\u044b\u0441\u0448\u0435\u0439 \u0448\u043a\u043e\u043b\u044b \u043f\u0440\u0438\u043a\u043b\u0430\u0434\u043d\u043e\u0439 \u0444\u0438\u0437\u0438\u043a\u0438 \u0438 \u043a\u043e\u0441\u043c\u0438\u0447\u0435\u0441\u043a\u0438\u0445 \u0442\u0435\u0445\u043d\u043e\u043b\u043e\u0433\u0438\u0439 \u00ab\u0418\u043d\u0441\u0442\u0438\u0442\u0443\u0442\u0430 \u0444\u0438\u0437\u0438\u043a\u0438, \u043d\u0430\u043d\u043e\u0442\u0435\u0445\u043d\u043e\u043b\u043e\u0433\u0438\u0439 \u0438 \u0442\u0435\u043b\u0435\u043a\u043e\u043c\u043c\u0443\u043d\u0438\u043a\u0430\u0446\u0438\u0439 \u0421\u0430\u043d\u043a\u0442-\u041f\u0435\u0442\u0435\u0440\u0431\u0443\u0440\u0433\u0441\u043a\u043e\u0433\u043e \u041f\u043e\u043b\u0438\u0442\u0435\u0445\u043d\u0438\u0447\u0435\u0441\u043a\u043e\u0433\u043e \u0443\u043d\u0438\u0432\u0435\u0440\u0441\u0438\u0442\u0435\u0442\u0430 \u041f\u0435\u0442\u0440\u0430 \u0412\u0435\u043b\u0438\u043a\u043e\u0433\u043e\u00bb \u0421\u0430\u0432\u0447\u0435\u043d\u043a\u043e \u0415\u043a\u0430\u0442\u0435\u0440\u0438\u043d\u044b \u0410\u043b\u0435\u043a\u0441\u0430\u043d\u0434\u0440\u043e\u0432\u043d\u044b.\r\n\r\n\u0422\u0435\u043c\u0430 \u043b\u0435\u043a\u0446\u0438\u0438: \u00ab\u041a\u043b\u0430\u0441\u0441\u0438\u0444\u0438\u043a\u0430\u0446\u0438\u044f \u0438 \u043f\u0440\u0438\u043c\u0435\u043d\u0435\u043d\u0438\u0435 \u043b\u0430\u0437\u0435\u0440\u043e\u0432 \u0432 \u043c\u0435\u0434\u0438\u0446\u0438\u043d\u0435\u00bb.\r\n\r\n\u041f\u0440\u0438\u0433\u043b\u0430\u0448\u0430\u044e\u0442\u0441\u044f \u0441\u0442\u0443\u0434\u0435\u043d\u0442\u044b \u043d\u0430\u043f\u0440\u0430\u0432\u043b\u0435\u043d\u0438\u0439 \u00ab\u0418\u043d\u0444\u043e\u0440\u043c\u0430\u0442\u0438\u043a\u0430 \u0438 \u0432\u044b\u0447\u0438\u0441\u043b\u0438\u0442\u0435\u043b\u044c\u043d\u0430\u044f \u0442\u0435\u0445\u043d\u0438\u043a\u0430\u00bb, \u00ab\u0418\u043d\u0444\u043e\u0440\u043c\u0430\u0446\u0438\u043e\u043d\u043d\u044b\u0435 \u0441\u0438\u0441\u0442\u0435\u043c\u044b \u0438 \u0442\u0435\u0445\u043d\u043e\u043b\u043e\u0433\u0438\u0438\u00bb, \u0430 \u0442\u0430\u043a\u0436\u0435 \u0432\u0441\u0435 \u0436\u0435\u043b\u0430\u044e\u0449\u0438\u0435.\r\n\r\n\u041e\u0440\u0433\u0430\u043d\u0438\u0437\u0430\u0442\u043e\u0440\u0430\u043c \u043c\u0435\u0440\u043e\u043f\u0440\u0438\u044f\u0442\u0438\u044f \u044f\u0432\u043b\u044f\u044e\u0442\u0441\u044f \u043a\u0430\u0444\u0435\u0434\u0440\u0430 \u041a\u043e\u043c\u043f\u044c\u044e\u0442\u0435\u0440\u043d\u044b\u0445 \u0438\u043d\u0444\u043e\u0440\u043c\u0430\u0446\u0438\u043e\u043d\u043d\u044b\u0445 \u0441\u0438\u0441\u0442\u0435\u043c \u0438 \u0443\u043f\u0440\u0430\u0432\u043b\u0435\u043d\u0438\u044f\u00bb \u0423\u041d\u041f\u041a \u041c\u0423\u041a.",
    "created_at": "2020-01-14T15:05:33.803Z",
    "photo": "announce_image/lekciya-eksperta-iz-medicine.jpg"
  }
},
{
  "model": "webapp.announcements",
  "pk": 3,
  "fields": {
    "title": "\u2014 \u0412\u043d\u0438\u043c\u0430\u043d\u0438\u0435! \u0412\u043d\u0438\u043c\u0430\u043d\u0438\u0435! \u0412\u043d\u0438\u043c\u0430\u043d\u0438\u0435!",
    "text": "\u0425\u043e\u0442\u0438\u0442\u0435 \u043f\u043e\u043b\u0443\u0447\u0438\u0442\u044c \u0434\u0438\u043f\u043b\u043e\u043c, \u043a\u043e\u0442\u043e\u0440\u044b\u0439 \u043f\u0440\u0438\u0437\u043d\u0430\u0435\u0442\u0441\u044f \u0432 \u0441\u0442\u0440\u0430\u043d\u0430\u0445 \u0411\u0440\u0438\u0442\u0430\u043d\u0441\u043a\u043e\u0433\u043e \u0441\u043e\u0434\u0440\u0443\u0436\u0435\u0441\u0442\u0432\u0430 (54 \u0441\u0442\u0440\u0430\u043d\u044b)?\r\n\r\n\u0417\u0430\u0440\u0443\u0431\u0435\u0436\u043d\u044b\u0439 \u043e\u0431\u0440\u0430\u0437\u043e\u0432\u0430\u0442\u0435\u043b\u044c\u043d\u044b\u0439 \u0446\u0435\u043d\u0442\u0440 - \u0426\u0435\u043d\u0442\u0440\u0430\u043b\u044c\u043d\u043e\u0430\u0437\u0438\u0430\u0442\u0441\u043a\u043e-\u0418\u043d\u0434\u0438\u0439\u0441\u043a\u0438\u0439 \u0438\u043d\u0441\u0442\u0438\u0442\u0443\u0442 \u0434\u0438\u0441\u0442\u0430\u043d\u0446\u0438\u043e\u043d\u043d\u043e\u0433\u043e \u043e\u0431\u0440\u0430\u0437\u043e\u0432\u0430\u043d\u0438\u044f \u041d\u0430\u0446\u0438\u043e\u043d\u0430\u043b\u044c\u043d\u043e\u0433\u043e \u043e\u0442\u043a\u0440\u044b\u0442\u043e\u0433\u043e \u0443\u043d\u0438\u0432\u0435\u0440\u0441\u0438\u0442\u0435\u0442\u0430 \u0438\u043c\u0435\u043d\u0438 \u0418\u043d\u0434\u0438\u0440\u044b \u0413\u0430\u043d\u0434\u0438 (\u0418\u0413\u041d\u041e\u0423) \u043f\u0440\u0438 \u0423\u041d\u041f\u041a \u00ab\u041c\u0435\u0436\u0434\u0443\u043d\u0430\u0440\u043e\u0434\u043d\u044b\u0439 \u0443\u043d\u0438\u0432\u0435\u0440\u0441\u0438\u0442\u0435\u0442 \u041a\u044b\u0440\u0433\u044b\u0437\u0441\u0442\u0430\u043d\u0430\u00bb \u043e\u0431\u044a\u044f\u0432\u043b\u044f\u0435\u0442 \u0437\u0438\u043c\u043d\u0438\u0439 \u043d\u0430\u0431\u043e\u0440 \u0430\u0431\u0438\u0442\u0443\u0440\u0438\u0435\u043d\u0442\u043e\u0432 \u043d\u0430 2020-21 \u0443\u0447\u0435\u0431\u043d\u044b\u0439 \u0433\u043e\u0434.\r\n\r\n\u041e\u0411\u0423\u0427\u0415\u041d\u0418\u0415 \u041d\u0410 \u0410\u041d\u0413\u041b\u0418\u0419\u0421\u041a\u041e\u041c \u042f\u0417\u042b\u041a\u0415\r\n\r\n\u0421\u0442\u0443\u0434\u0435\u043d\u0442\u0430\u043c, \u0432\u043b\u0430\u0434\u0435\u044e\u0449\u0438\u043c \u0430\u043d\u0433\u043b\u0438\u0439\u0441\u043a\u0438\u043c \u044f\u0437\u044b\u043a\u043e\u043c \u0432 \u0437\u0430\u0432\u0438\u0441\u0438\u043c\u043e\u0441\u0442\u0438 \u043e\u0442 \u0443\u0440\u043e\u0432\u043d\u044f \u0437\u043d\u0430\u043d\u0438\u0439, \u0441\u043a\u0438\u0434\u043a\u0430 10-30%. \u0421\u0442\u0443\u0434\u0435\u043d\u0442\u0430\u043c, \u043d\u0435 \u0432\u043b\u0430\u0434\u0435\u044e\u0449\u0438\u043c \u0430\u043d\u0433\u043b\u0438\u0439\u0441\u043a\u0438\u043c \u044f\u0437\u044b\u043a\u043e\u043c, \u043f\u0440\u0435\u0434\u043e\u0441\u0442\u0430\u0432\u043b\u044f\u0435\u0442\u0441\u044f \u0432\u043e\u0437\u043c\u043e\u0436\u043d\u043e\u0441\u0442\u044c \u0438\u0437\u0443\u0447\u0435\u043d\u0438\u044f \u0430\u043d\u0433\u043b\u0438\u0439\u0441\u043a\u043e\u0433\u043e \u044f\u0437\u044b\u043a\u0430 4-6 \u043c\u0435\u0441\u044f\u0446\u0435\u0432 \u0441 \u0432\u043e\u0437\u043c\u043e\u0436\u043d\u043e\u0441\u0442\u044c\u044e \u043f\u0440\u043e\u0445\u043e\u0436\u0434\u0435\u043d\u0438\u044f \u0441\u0442\u0430\u0436\u0438\u0440\u043e\u0432\u043a\u0438 \u0432 \u0418\u043d\u0434\u0438\u0438.\r\n\r\n\u041f\u0440\u0435\u0434\u043b\u0430\u0433\u0430\u044e\u0442\u0441\u044f \u043f\u0440\u043e\u0433\u0440\u0430\u043c\u043c\u044b: \u0431\u0430\u043a\u0430\u043b\u0430\u0432\u0440\u0438\u0430\u0442\u0430 \u2013 3 \u0433\u043e\u0434\u0430, \u043c\u0430\u0433\u0438\u0441\u0442\u0440\u0430\u0442\u0443\u0440\u044b \u2013 2 \u0433\u043e\u0434\u0430, \u0434\u043e\u043a\u0442\u043e\u0440\u0430\u043d\u0442\u0443\u0440\u044b PhD -3 \u0433\u043e\u0434\u0430, \u043f\u043e\u0441\u0442-\u0434\u0438\u043f\u043b\u043e\u043c\u043d\u044b\u0435 \u2013 \u043e\u0442 6 \u043c\u0435\u0441\u044f\u0446\u0435\u0432 \u0434\u043e 1 \u0433\u043e\u0434\u0430.\r\n\r\n\u041f\u0440\u0438\u0435\u043c \u0434\u043e\u043a\u0443\u043c\u0435\u043d\u0442\u043e\u0432 \u0441 23 \u0434\u0435\u043a\u0430\u0431\u0440\u044f 2019 \u0433\u043e\u0434\u0430 \u043f\u043e 13 \u044f\u043d\u0432\u0430\u0440\u044f 2020 \u0433\u043e\u0434\u0430. \u0417\u0430 \u043f\u043e\u0434\u0440\u043e\u0431\u043d\u043e\u0439 \u0438\u043d\u0444\u043e\u0440\u043c\u0430\u0446\u0438\u0435\u0439 \u043e\u0431\u0440\u0430\u0449\u0430\u0439\u0442\u0435\u0441\u044c \u0432 \u041c\u0435\u0436\u0434\u0443\u043d\u0430\u0440\u043e\u0434\u043d\u044b\u0439 \u0443\u043d\u0438\u0432\u0435\u0440\u0441\u0438\u0442\u0435\u0442 \u041a\u044b\u0440\u0433\u044b\u0437\u0441\u0442\u0430\u043d\u0430, \u043f\u043e \u0430\u0434\u0440\u0435\u0441\u0443 \u043f\u0440\u043e\u0441\u043f\u0435\u043a\u0442 \u0427\u0443\u0439, 255, \u043a\u0430\u0431\u0438\u043d\u0435\u0442 201\u0430. \u042d\u043b\u0435\u043a\u0442\u0440\u043e\u043d\u043d\u044b\u0439 \u0430\u0434\u0440\u0435\u0441: kamilya2020@yahoo.com. \u0422\u0435\u043b. (+996-312) 61-39-46.\r\n\r\n\u0418\u0413\u041d\u041e\u0423 \u0438\u043c\u0435\u0435\u0442 29 \u0434\u0435\u0439\u0441\u0442\u0432\u0443\u044e\u0449\u0438\u0445 \u0437\u0430\u0440\u0443\u0431\u0435\u0436\u043d\u044b\u0445 \u043e\u0431\u0440\u0430\u0437\u043e\u0432\u0430\u0442\u0435\u043b\u044c\u043d\u044b\u0445 \u0446\u0435\u043d\u0442\u0440\u043e\u0432 (\u0417\u041e\u0426) \u0432 15 \u0441\u0442\u0440\u0430\u043d\u0430\u0445 \u0438 \u043f\u0440\u0435\u0434\u043b\u0430\u0433\u0430\u0435\u0442 226 \u0430\u043a\u0430\u0434\u0435\u043c\u0438\u0447\u0435\u0441\u043a\u0438\u0445 \u043f\u0440\u043e\u0433\u0440\u0430\u043c\u043c \u0431\u0430\u043a\u0430\u043b\u0430\u0432\u0440\u0430, \u043c\u0430\u0433\u0438\u0441\u0442\u0440\u0430, \u0434\u043e\u043a\u0442\u043e\u0440\u0430 \u0444\u0438\u043b\u043e\u0441\u043e\u0444\u0438\u0438 PhD \u0438 \u043f\u043e\u0441\u043b\u0435 \u0434\u0438\u043f\u043b\u043e\u043c\u043d\u043e\u0433\u043e \u043e\u0431\u0443\u0447\u0435\u043d\u0438\u044f.\r\n\r\n\u0418\u0413\u041d\u041e\u0423 \u0441\u043e\u0437\u0434\u0430\u043d \u0432 1985 \u0433\u043e\u0434\u0443 \u0438 \u044f\u0432\u043b\u044f\u0435\u0442\u0441\u044f \u043a\u0440\u0443\u043f\u043d\u0435\u0439\u0448\u0438\u043c \u0432 \u043c\u0438\u0440\u0435 \u0443\u043d\u0438\u0432\u0435\u0440\u0441\u0438\u0442\u0435\u0442\u043e\u043c, \u043a\u043e\u0442\u043e\u0440\u044b\u0439 \u0430\u043a\u043a\u0440\u0435\u0434\u0438\u0442\u043e\u0432\u0430\u043d \u043a\u0430\u043a \u043e\u0442\u043a\u0440\u044b\u0442\u044b\u0439 \u0443\u043d\u0438\u0432\u0435\u0440\u0441\u0438\u0442\u0435\u0442 \u0441 \u0441\u0438\u0441\u0442\u0435\u043c\u043e\u0439 \u0434\u0438\u0441\u0442\u0430\u043d\u0446\u0438\u043e\u043d\u043d\u043e\u0433\u043e \u043e\u0431\u0440\u0430\u0437\u043e\u0432\u0430\u043d\u0438\u044f \u0432 \u0418\u043d\u0434\u0438\u0438.\r\n\r\n\u041f\u0440\u0435\u0437\u0438\u0434\u0435\u043d\u0442 \u0418\u043d\u0434\u0438\u0438 \u044f\u0432\u043b\u044f\u0435\u0442\u0441\u044f \u043e\u0444\u0438\u0446\u0438\u0430\u043b\u044c\u043d\u044b\u043c \u0433\u043b\u0430\u0432\u043e\u0439 \u0418\u0413\u041d\u041e\u0423. \u0423\u043d\u0438\u0432\u0435\u0440\u0441\u0438\u0442\u0435\u0442 \u043d\u0430\u0445\u043e\u0434\u0438\u0442\u0441\u044f \u0432 \u0432\u0435\u0434\u0435\u043d\u0438\u0438 \u0426\u0435\u043d\u0442\u0440\u0430\u043b\u044c\u043d\u043e\u0433\u043e \u043f\u0440\u0430\u0432\u0438\u0442\u0435\u043b\u044c\u0441\u0442\u0432\u0430 \u0418\u043d\u0434\u0438\u0438.\r\n\r\n\u0412 2019 \u0433\u043e\u0434\u0443 \u043d\u0430 \u043e\u0441\u043d\u043e\u0432\u0435 \u0437\u0430\u044f\u0432\u043a\u0438 \u0418\u0413\u041d\u041e\u0423 (Nos.IG/ID/18/07/Vol-IV/15024 \u043e\u0442 20.12.2018) \u043f\u043e\u043b\u0443\u0447\u0435\u043d\u043e \u043e\u0434\u043e\u0431\u0440\u0435\u043d\u0438\u0435 \u043e \u0441\u043e\u0437\u0434\u0430\u043d\u0438\u0438 \u0437\u0430\u0440\u0443\u0431\u0435\u0436\u043d\u043e\u0433\u043e \u043e\u0431\u0440\u0430\u0437\u043e\u0432\u0430\u0442\u0435\u043b\u044c\u043d\u043e\u0433\u043e \u0446\u0435\u043d\u0442\u0440\u0430 \u043e\u0442 \u043f\u0440\u0435\u0437\u0438\u0434\u0435\u043d\u0442\u0430 \u0438 \u0414\u0435\u043f\u0430\u0440\u0442\u0430\u043c\u0435\u043d\u0442\u0430 \u0432\u044b\u0441\u0448\u0435\u0433\u043e \u043e\u0431\u0440\u0430\u0437\u043e\u0432\u0430\u043d\u0438\u044f \u0438 \u043e\u0442\u0434\u0435\u043b\u0430 \u0434\u0438\u0441\u0442\u0430\u043d\u0446\u0438\u043e\u043d\u043d\u043e\u0433\u043e \u043e\u0431\u0443\u0447\u0435\u043d\u0438\u044f \u043f\u0440\u0438 \u041c\u0438\u043d\u0438\u0441\u0442\u0435\u0440\u0441\u0442\u0432\u0435 \u0440\u0430\u0437\u0432\u0438\u0442\u0438\u044f \u0447\u0435\u043b\u043e\u0432\u0435\u0447\u0435\u0441\u043a\u0438\u0445 \u0440\u0435\u0441\u0443\u0440\u0441\u043e\u0432 \u0418\u043d\u0434\u0438\u0438.\r\n\r\n\u0411\u043e\u043b\u0435\u0435 \u043f\u043e\u0434\u0440\u043e\u0431\u043d\u0430\u044f \u0438\u043d\u0444\u043e\u0440\u043c\u0430\u0446\u0438\u044f >> \u0418\u0413\u041d\u041e\u0423",
    "created_at": "2020-01-14T15:07:11.508Z",
    "photo": "announce_image/_vnimanie-vnimanie-vnimanie.jpg"
  }
},
{
  "model": "webapp.auditory",
  "pk": 2,
  "fields": {
    "name": "501",
    "places": 5,
    "description": ""
  }
},
{
  "model": "webapp.auditory",
  "pk": 3,
  "fields": {
    "name": "101",
    "places": 1000,
    "description": "\u0435\u0441\u0442\u044c \u043a\u043e\u043d\u0434\u0438\u0446\u0438\u043e\u043d\u0435\u0440"
  }
},
{
  "model": "webapp.auditory",
  "pk": 4,
  "fields": {
    "name": "305",
    "places": 200,
    "description": "\u0435\u0441\u0442\u044c \u043f\u0440\u043e\u0435\u043a\u0442\u043e\u0440"
  }
},
{
  "model": "webapp.auditory",
  "pk": 5,
  "fields": {
    "name": "407",
    "places": 15,
    "description": "\u043e\u0441\u0442\u0430\u0449\u0435\u043d \u043a\u043e\u043c\u043f\u044c\u044e\u0442\u0435\u0440\u0430\u043c\u0438"
  }
},
{
  "model": "webapp.auditory",
  "pk": 6,
  "fields": {
    "name": "333",
    "places": 20,
    "description": ""
  }
},
{
  "model": "webapp.auditory",
  "pk": 7,
  "fields": {
    "name": "111",
    "places": 50,
    "description": "\u0415\u0441\u0442\u044c \u043a\u043e\u043d\u0434\u0438\u0446\u0438\u043e\u043d\u0435\u0440, \u043e\u043a\u043d\u0430 \u043d\u0430 \u044e\u0433, \u0435\u0441\u0442\u044c \u043f\u0440\u043e\u0435\u043a\u0442\u043e\u0440"
  }
},
{
  "model": "webapp.auditory",
  "pk": 8,
  "fields": {
    "name": "102",
    "places": 20,
    "description": "\u0431\u0435\u0437 \u043f\u0430\u0440\u0442"
  }
},
{
  "model": "webapp.auditory",
  "pk": 9,
  "fields": {
    "name": "103",
    "places": 20,
    "description": "\u043e\u0441\u043d\u0430\u0449\u0435\u043d \u043a\u043e\u043c\u043f\u044c\u044e\u0442\u0435\u0440\u0430\u043c\u0438"
  }
},
{
  "model": "webapp.auditory",
  "pk": 10,
  "fields": {
    "name": "205",
    "places": 100,
    "description": "\u043b\u0430\u0431\u043e\u0440\u0430\u0442\u043e\u0440\u043d\u0430\u044f"
  }
},
{
  "model": "webapp.auditory",
  "pk": 11,
  "fields": {
    "name": "207",
    "places": 10,
    "description": "\u043c\u0435\u0434\u0438\u0430\u043a\u043b\u0430\u0441\u0441"
  }
},
{
  "model": "webapp.grade",
  "pk": 2,
  "fields": {
    "value": "2",
    "description": "\u041d\u0435\u0443\u0434\u043e\u0432\u043b\u0435\u0442\u0432\u043e\u0440\u0438\u0442\u0435\u043b\u044c\u043d\u043e. \u0411\u0430\u043b\u043b \u00ab2\u00bb \u0441\u0442\u0430\u0432\u0438\u0442\u0441\u044f \u0432 \u0441\u043b\u0443\u0447\u0430\u0435, \u043a\u043e\u0433\u0434\u0430 \u0443 \u0443\u0447\u0435\u043d\u0438\u043a\u0430 \u043e\u0431\u043d\u0430\u0440\u0443\u0436\u0438\u0432\u0430\u0435\u0442\u0441\u044f \u043d\u0435\u0437\u043d\u0430\u043d\u0438\u0435 \u0431\u043e\u043b\u044c\u0448\u043e\u0439 \u0447\u0430\u0441\u0442\u0438 \u043f\u0440\u043e\u0433\u0440\u0430\u043c\u043c\u043d\u043e\u0433\u043e \u043c\u0430\u0442\u0435\u0440\u0438\u0430\u043b\u0430, \u043e\u0442\u0432\u0435\u0447\u0430\u0435\u0442, \u043a\u0430\u043a \u043f\u0440\u0430\u0432\u0438\u043b\u043e, \u043b\u0438\u0448\u044c \u043f\u0440\u0438 \u043f\u043e\u043c\u043e\u0449\u0438 \u043d\u0430\u0432\u043e\u0434\u044f\u0449\u0438\u0445 \u0432\u043e\u043f\u0440\u043e\u0441\u043e\u0432 \u0443\u0447\u0438\u0442\u0435\u043b\u044f, \u043d\u0435\u0443\u0432\u0435\u0440\u0435\u043d\u043d\u043e. \u0412 \u043f\u0438\u0441\u044c\u043c\u0435\u043d\u043d\u044b\u0445 \u0440\u0430\u0431\u043e\u0442\u0430\u0445 \u0434\u043e\u043f\u0443\u0441\u043a\u0430\u0435\u0442 \u0447\u0430\u0441\u0442\u044b\u0435 \u0438 \u0433\u0440\u0443\u0431\u044b\u0435 \u043e\u0448\u0438\u0431\u043a\u0438."
  }
},
{
  "model": "webapp.grade",
  "pk": 3,
  "fields": {
    "value": "3",
    "description": "\u0423\u0434\u043e\u0432\u043b\u0435\u0442\u0432\u043e\u0440\u0438\u0442\u0435\u043b\u044c\u043d\u043e. \u0411\u0430\u043b\u043b \u00ab3\u00bb \u0441\u0442\u0430\u0432\u0438\u0442\u0441\u044f \u0432 \u0441\u043b\u0443\u0447\u0430\u0435, \u043a\u043e\u0433\u0434\u0430 \u0443 \u0443\u0447\u0430\u0449\u0435\u0433\u043e\u0441\u044f \u043e\u0431\u043d\u0430\u0440\u0443\u0436\u0438\u0432\u0430\u0435\u0442\u0441\u044f \u0437\u043d\u0430\u043d\u0438\u0435 \u043e\u0441\u043d\u043e\u0432\u043d\u043e\u0433\u043e \u043f\u0440\u043e\u0433\u0440\u0430\u043c\u043c\u043d\u043e\u0433\u043e \u0443\u0447\u0435\u0431\u043d\u043e\u0433\u043e \u043c\u0430\u0442\u0435\u0440\u0438\u0430\u043b\u0430. \u041f\u0440\u0438 \u043f\u0440\u0438\u043c\u0435\u043d\u0435\u043d\u0438\u0438 \u0437\u043d\u0430\u043d\u0438\u0439 \u043d\u0430 \u043f\u0440\u0430\u043a\u0442\u0438\u043a\u0435 \u0438\u0441\u043f\u044b\u0442\u044b\u0432\u0430\u0435\u0442 \u043d\u0435\u043a\u043e\u0442\u043e\u0440\u044b\u0435 \u0437\u0430\u0442\u0440\u0443\u0434\u043d\u0435\u043d\u0438\u044f \u0438 \u043f\u0440\u0435\u043e\u0434\u043e\u043b\u0435\u0432\u0430\u0435\u0442 \u0438\u0445 \u0441 \u043d\u0435\u0431\u043e\u043b\u044c\u0448\u043e\u0439 \u043f\u043e\u043c\u043e\u0449\u044c\u044e \u0443\u0447\u0438\u0442\u0435\u043b\u044f. \u0412 \u0443\u0441\u0442\u043d\u044b\u0445 \u043e\u0442\u0432\u0435\u0442\u0430\u0445 \u0434\u043e\u043f\u0443\u0441\u043a\u0430\u0435\u0442 \u043e\u0448\u0438\u0431\u043a\u0438 \u043f\u0440\u0438 \u0438\u0437\u043b\u043e\u0436\u0435\u043d\u0438\u0438 \u043c\u0430\u0442\u0435\u0440\u0438\u0430\u043b\u0430 \u0438 \u0432 \u043f\u043e\u0441\u0442\u0440\u043e\u0435\u043d\u0438\u0438 \u0440\u0435\u0447\u0438. \u0412 \u043f\u0438\u0441\u044c\u043c\u0435\u043d\u043d\u044b\u0445 \u0440\u0430\u0431\u043e\u0442\u0430\u0445 \u0434\u0435\u043b\u0430\u0435\u0442 \u043e\u0448\u0438\u0431\u043a\u0438."
  }
},
{
  "model": "webapp.grade",
  "pk": 4,
  "fields": {
    "value": "4",
    "description": "\u0425\u043e\u0440\u043e\u0448\u043e. \u0411\u0430\u043b\u043b \u00ab4\u00bb \u0441\u0442\u0430\u0432\u0438\u0442\u0441\u044f \u0432 \u0441\u043b\u0443\u0447\u0430\u0435, \u043a\u043e\u0433\u0434\u0430 \u0443\u0447\u0430\u0449\u0438\u0439\u0441\u044f \u0437\u043d\u0430\u0435\u0442 \u0432\u0435\u0441\u044c \u0442\u0440\u0435\u0431\u0443\u0435\u043c\u044b\u0439 \u043f\u0440\u043e\u0433\u0440\u0430\u043c\u043c\u043e\u0439 \u043c\u0430\u0442\u0435\u0440\u0438\u0430\u043b, \u0445\u043e\u0440\u043e\u0448\u043e \u043f\u043e\u043d\u0438\u043c\u0430\u0435\u0442 \u0438 \u043f\u0440\u043e\u0447\u043d\u043e \u0443\u0441\u0432\u043e\u0438\u043b \u0435\u0433\u043e. \u041d\u0430 \u0432\u043e\u043f\u0440\u043e\u0441\u044b (\u0432 \u043f\u0440\u0435\u0434\u0435\u043b\u0430\u0445 \u043f\u0440\u043e\u0433\u0440\u0430\u043c\u043c\u044b) \u043e\u0442\u0432\u0435\u0447\u0430\u0435\u0442 \u0431\u0435\u0437 \u0437\u0430\u0442\u0440\u0443\u0434\u043d\u0435\u043d\u0438\u0439. \u0423\u043c\u0435\u0435\u0442 \u043f\u0440\u0438\u043c\u0435\u043d\u044f\u0442\u044c \u043f\u043e\u043b\u0443\u0447\u0435\u043d\u043d\u044b\u0435 \u0437\u043d\u0430\u043d\u0438\u044f \u0432 \u043f\u0440\u0430\u043a\u0442\u0438\u0447\u0435\u0441\u043a\u0438\u0445 \u0437\u0430\u0434\u0430\u043d\u0438\u044f\u0445. \u0412 \u0443\u0441\u0442\u043d\u044b\u0445 \u043e\u0442\u0432\u0435\u0442\u0430\u0445 \u043f\u043e\u043b\u044c\u0437\u0443\u0435\u0442\u0441\u044f \u043b\u0438\u0442\u0435\u0440\u0430\u0442\u0443\u0440\u043d\u044b\u043c \u044f\u0437\u044b\u043a\u043e\u043c \u0438 \u043d\u0435 \u0434\u0435\u043b\u0430\u0435\u0442 \u0433\u0440\u0443\u0431\u044b\u0445 \u043e\u0448\u0438\u0431\u043e\u043a. \u0412 \u043f\u0438\u0441\u044c\u043c\u0435\u043d\u043d\u044b\u0445 \u0440\u0430\u0431\u043e\u0442\u0430\u0445 \u0434\u043e\u043f\u0443\u0441\u043a\u0430\u0435\u0442 \u0442\u043e\u043b\u044c\u043a\u043e \u043d\u0435\u0437\u043d\u0430\u0447\u0438\u0442\u0435\u043b\u044c\u043d\u044b\u0435 \u043e\u0448\u0438\u0431\u043a\u0438."
  }
},
{
  "model": "webapp.grade",
  "pk": 5,
  "fields": {
    "value": "5",
    "description": "\u041e\u0442\u043b\u0438\u0447\u043d\u043e. \u0411\u0430\u043b\u043b \u00ab5\u00bb \u0441\u0442\u0430\u0432\u0438\u0442\u0441\u044f \u0432 \u0441\u043b\u0443\u0447\u0430\u0435, \u043a\u043e\u0433\u0434\u0430 \u0443\u0447\u0430\u0449\u0438\u0439\u0441\u044f \u0438\u0441\u0447\u0435\u0440\u043f\u044b\u0432\u0430\u044e\u0449\u0435 \u0437\u043d\u0430\u0435\u0442 \u0432\u0435\u0441\u044c \u043f\u0440\u043e\u0433\u0440\u0430\u043c\u043c\u043d\u044b\u0439 \u043c\u0430\u0442\u0435\u0440\u0438\u0430\u043b, \u043e\u0442\u043b\u0438\u0447\u043d\u043e \u043f\u043e\u043d\u0438\u043c\u0430\u0435\u0442 \u0438 \u043f\u0440\u043e\u0447\u043d\u043e \u0443\u0441\u0432\u043e\u0438\u043b \u0435\u0433\u043e. \u041d\u0430 \u0432\u043e\u043f\u0440\u043e\u0441\u044b (\u0432 \u043f\u0440\u0435\u0434\u0435\u043b\u0430\u0445 \u043f\u0440\u043e\u0433\u0440\u0430\u043c\u043c\u044b) \u0434\u0430\u0435\u0442 \u043f\u0440\u0430\u0432\u0438\u043b\u044c\u043d\u044b\u0435, \u0441\u043e\u0437\u043d\u0430\u0442\u0435\u043b\u044c\u043d\u044b\u0435 \u0438 \u0443\u0432\u0435\u0440\u0435\u043d\u043d\u044b\u0435 \u043e\u0442\u0432\u0435\u0442\u044b. \u0412 \u0440\u0430\u0437\u043b\u0438\u0447\u043d\u044b\u0445 \u043f\u0440\u0430\u043a\u0442\u0438\u0447\u0435\u0441\u043a\u0438\u0445 \u0437\u0430\u0434\u0430\u043d\u0438\u044f\u0445 \u0443\u043c\u0435\u0435\u0442 \u0441\u0430\u043c\u043e\u0441\u0442\u043e\u044f\u0442\u0435\u043b\u044c\u043d\u043e \u043f\u043e\u043b\u044c\u0437\u043e\u0432\u0430\u0442\u044c\u0441\u044f \u043f\u043e\u043b\u0443\u0447\u0435\u043d\u043d\u044b\u043c\u0438 \u0437\u043d\u0430\u043d\u0438\u044f\u043c\u0438. \u0412 \u0443\u0441\u0442\u043d\u044b\u0445 \u043e\u0442\u0432\u0435\u0442\u0430\u0445 \u0438 \u043f\u0438\u0441\u044c\u043c\u0435\u043d\u043d\u044b\u0445 \u0440\u0430\u0431\u043e\u0442\u0430\u0445 \u043f\u043e\u043b\u044c\u0437\u0443\u0435\u0442\u0441\u044f \u043b\u0438\u0442\u0435\u0440\u0430\u0442\u0443\u0440\u043d\u043e \u043f\u0440\u0430\u0432\u0438\u043b\u044c\u043d\u044b\u043c \u044f\u0437\u044b\u043a\u043e\u043c \u0438 \u043d\u0435 \u0434\u043e\u043f\u0443\u0441\u043a\u0430\u0435\u0442 \u043e\u0448\u0438\u0431\u043e\u043a."
  }
},
{
  "model": "webapp.grade",
  "pk": 7,
  "fields": {
    "value": "\u043d\u0431",
    "description": "\u041f\u0440\u0438 \u043e\u0442\u0441\u0443\u0442\u0441\u0442\u0432\u0438\u0438 \u0441\u0442\u0443\u0434\u0435\u043d\u0442\u0430, \u043f\u0440\u0435\u043f\u043e\u0434\u0430\u0432\u0430\u0442\u0435\u043b\u044e \u043d\u0435\u043e\u0431\u0445\u043e\u0434\u0438\u043c\u043e \u0443\u0447\u0435\u0441\u0442\u044c \u0441\u0442\u0443\u0434\u0435\u043d\u0442\u0430 \u043a\u0430\u043a  '\u043d\u0435 \u0431\u044b\u043b'."
  }
},
{
  "model": "webapp.discipline",
  "pk": 1,
  "fields": {
    "name": "\u0418\u0441\u0442\u043e\u0440\u0438\u044f \u041a\u044b\u0440\u0433\u044b\u0437\u0441\u0442\u0430\u043d\u0430",
    "teacher": [
      30
    ]
  }
},
{
  "model": "webapp.discipline",
  "pk": 3,
  "fields": {
    "name": "\u041c\u0438\u0440\u043e\u0432\u0430\u044f \u0438\u0441\u0442\u043e\u0440\u0438\u044f",
    "teacher": [
      30
    ]
  }
},
{
  "model": "webapp.discipline",
  "pk": 4,
  "fields": {
    "name": "\u041f\u0440\u0430\u0432\u043e",
    "teacher": [
      30
    ]
  }
},
{
  "model": "webapp.discipline",
  "pk": 5,
  "fields": {
    "name": "\u0410\u043d\u0433\u043b\u0438\u0439\u0441\u043a\u0438\u0439 \u044f\u0437\u044b\u043a",
    "teacher": [
      37
    ]
  }
},
{
  "model": "webapp.discipline",
  "pk": 6,
  "fields": {
    "name": "\u0418\u0441\u0442\u043e\u0440\u0438\u044f \u0434\u0440\u0435\u0432\u043d\u0435\u0433\u043e \u043c\u0438\u0440\u0430",
    "teacher": [
      30
    ]
  }
},
{
  "model": "webapp.discipline",
  "pk": 7,
  "fields": {
    "name": "\u0420\u0443\u0441\u0441\u043a\u0438\u0439 \u044f\u0437\u044b\u043a",
    "teacher": [
      37
    ]
  }
},
{
  "model": "webapp.discipline",
  "pk": 8,
  "fields": {
    "name": "\u041a\u044b\u0440\u0433\u044b\u0437\u0441\u043a\u0438\u0439 \u044f\u0437\u044b\u043a",
    "teacher": [
      37
    ]
  }
},
{
  "model": "webapp.lesson",
  "pk": 1,
  "fields": {
    "index": 1,
    "is_saturday": false,
    "start_time": "07:30:00",
    "end_time": "08:50:00"
  }
},
{
  "model": "webapp.lesson",
  "pk": 2,
  "fields": {
    "index": 2,
    "is_saturday": false,
    "start_time": "09:00:00",
    "end_time": "10:20:00"
  }
},
{
  "model": "webapp.lesson",
  "pk": 3,
  "fields": {
    "index": 3,
    "is_saturday": false,
    "start_time": "10:50:00",
    "end_time": "12:10:00"
  }
},
{
  "model": "webapp.lesson",
  "pk": 4,
  "fields": {
    "index": 4,
    "is_saturday": false,
    "start_time": "12:20:00",
    "end_time": "13:40:00"
  }
},
{
  "model": "webapp.lesson",
  "pk": 5,
  "fields": {
    "index": 5,
    "is_saturday": false,
    "start_time": "13:50:00",
    "end_time": "15:10:00"
  }
},
{
  "model": "webapp.lesson",
  "pk": 6,
  "fields": {
    "index": 6,
    "is_saturday": false,
    "start_time": "15:20:00",
    "end_time": "16:40:00"
  }
},
{
  "model": "webapp.lesson",
  "pk": 7,
  "fields": {
    "index": 7,
    "is_saturday": false,
    "start_time": "16:50:00",
    "end_time": "18:10:00"
  }
},
{
  "model": "webapp.lesson",
  "pk": 8,
  "fields": {
    "index": 8,
    "is_saturday": false,
    "start_time": "18:20:00",
    "end_time": "19:40:00"
  }
},
{
  "model": "webapp.lesson",
  "pk": 9,
  "fields": {
    "index": 1,
    "is_saturday": true,
    "start_time": "07:30:00",
    "end_time": "08:50:00"
  }
},
{
  "model": "webapp.lesson",
  "pk": 10,
  "fields": {
    "index": 2,
    "is_saturday": true,
    "start_time": "09:00:00",
    "end_time": "10:20:00"
  }
},
{
  "model": "webapp.lesson",
  "pk": 11,
  "fields": {
    "index": 3,
    "is_saturday": true,
    "start_time": "10:30:00",
    "end_time": "11:50:00"
  }
},
{
  "model": "webapp.lesson",
  "pk": 12,
  "fields": {
    "index": 4,
    "is_saturday": true,
    "start_time": "12:00:00",
    "end_time": "13:20:00"
  }
},
{
  "model": "webapp.lesson",
  "pk": 13,
  "fields": {
    "index": 5,
    "is_saturday": true,
    "start_time": "13:30:00",
    "end_time": "14:50:00"
  }
},
{
  "model": "webapp.lesson",
  "pk": 14,
  "fields": {
    "index": 6,
    "is_saturday": true,
    "start_time": "15:00:00",
    "end_time": "16:20:00"
  }
},
{
  "model": "webapp.lesson",
  "pk": 15,
  "fields": {
    "index": 7,
    "is_saturday": true,
    "start_time": "16:30:00",
    "end_time": "17:50:00"
  }
},
{
  "model": "webapp.schedule",
  "pk": 1,
  "fields": {
    "lesson": 1,
    "day": "Monday",
    "teacher": 30,
    "auditoriya": 3,
    "discipline": 6,
    "group": 1
  }
},
{
  "model": "webapp.schedule",
  "pk": 2,
  "fields": {
    "lesson": 2,
    "day": "Monday",
    "teacher": 37,
    "auditoriya": 2,
    "discipline": 5,
    "group": 1
  }
},
{
  "model": "webapp.schedule",
  "pk": 3,
  "fields": {
    "lesson": 3,
    "day": "Monday",
    "teacher": 30,
    "auditoriya": 3,
    "discipline": 4,
    "group": 1
  }
},
{
  "model": "webapp.schedule",
  "pk": 4,
  "fields": {
    "lesson": 1,
    "day": "Tuesday",
    "teacher": 30,
    "auditoriya": 6,
    "discipline": 1,
    "group": 27
  }
},
{
  "model": "webapp.schedule",
  "pk": 5,
  "fields": {
    "lesson": 3,
    "day": "Wednesday",
    "teacher": 42,
    "auditoriya": 8,
    "discipline": 5,
    "group": 27
  }
},
{
  "model": "webapp.schedule",
  "pk": 6,
  "fields": {
    "lesson": 8,
    "day": "Wednesday",
    "teacher": 37,
    "auditoriya": 2,
    "discipline": 1,
    "group": 27
  }
},
{
  "model": "webapp.schedule",
  "pk": 7,
  "fields": {
    "lesson": 8,
    "day": "Thursday",
    "teacher": 30,
    "auditoriya": 3,
    "discipline": 4,
    "group": 27
  }
},
{
  "model": "webapp.schedule",
  "pk": 8,
  "fields": {
    "lesson": 1,
    "day": "Friday",
    "teacher": 30,
    "auditoriya": 10,
    "discipline": 3,
    "group": 1
  }
},
{
  "model": "webapp.schedule",
  "pk": 9,
  "fields": {
    "lesson": 1,
    "day": "Saturday",
    "teacher": 30,
    "auditoriya": 11,
    "discipline": 6,
    "group": 27
  }
},
{
  "model": "webapp.schedule",
  "pk": 11,
  "fields": {
    "lesson": 4,
    "day": "Thursday",
    "teacher": 30,
    "auditoriya": 2,
    "discipline": 5,
    "group": 27
  }
},
{
  "model": "webapp.schedule",
  "pk": 12,
  "fields": {
    "lesson": 8,
    "day": "Tuesday",
    "teacher": 30,
    "auditoriya": 8,
    "discipline": 1,
    "group": 1
  }
},
{
  "model": "webapp.schedule",
  "pk": 13,
  "fields": {
    "lesson": 3,
    "day": "Thursday",
    "teacher": 37,
    "auditoriya": 9,
    "discipline": 3,
    "group": 1
  }
},
{
  "model": "webapp.schedule",
  "pk": 14,
  "fields": {
    "lesson": 5,
    "day": "Friday",
    "teacher": 30,
    "auditoriya": 2,
    "discipline": 1,
    "group": 1
  }
},
{
  "model": "webapp.schedule",
  "pk": 15,
  "fields": {
    "lesson": 5,
    "day": "Wednesday",
    "teacher": 30,
    "auditoriya": 10,
    "discipline": 6,
    "group": 27
  }
},
{
  "model": "webapp.schedule",
  "pk": 16,
  "fields": {
    "lesson": 4,
    "day": "Tuesday",
    "teacher": 37,
    "auditoriya": 8,
    "discipline": 8,
    "group": 27
  }
},
{
  "model": "webapp.groupjournal",
  "pk": 1,
  "fields": {
    "study_group": 1,
    "discipline": 1
  }
},
{
  "model": "webapp.groupjournal",
  "pk": 2,
  "fields": {
    "study_group": 1,
    "discipline": 3
  }
},
{
  "model": "webapp.groupjournal",
  "pk": 3,
  "fields": {
    "study_group": 1,
    "discipline": 6
  }
},
{
  "model": "webapp.groupjournal",
  "pk": 4,
  "fields": {
    "study_group": 1,
    "discipline": 4
  }
},
{
  "model": "webapp.groupjournal",
  "pk": 8,
  "fields": {
    "study_group": 27,
    "discipline": 6
  }
},
{
  "model": "webapp.groupjournal",
  "pk": 9,
  "fields": {
    "study_group": 27,
    "discipline": 5
  }
},
{
  "model": "webapp.groupjournal",
  "pk": 10,
  "fields": {
    "study_group": 27,
    "discipline": 4
  }
},
{
  "model": "webapp.groupjournal",
  "pk": 11,
  "fields": {
    "study_group": 27,
    "discipline": 3
  }
},
{
  "model": "webapp.groupjournal",
  "pk": 12,
  "fields": {
    "study_group": 27,
    "discipline": 1
  }
},
{
  "model": "webapp.groupjournal",
  "pk": 14,
  "fields": {
    "study_group": 27,
    "discipline": 8
  }
},
{
  "model": "webapp.groupjournal",
  "pk": 15,
  "fields": {
    "study_group": 1,
    "discipline": 7
  }
},
{
  "model": "webapp.groupjournal",
  "pk": 16,
  "fields": {
    "study_group": 1,
    "discipline": 5
  }
},
{
  "model": "webapp.groupjournal",
  "pk": 17,
  "fields": {
    "study_group": 1,
    "discipline": 8
  }
},
{
  "model": "webapp.groupjournal",
  "pk": 18,
  "fields": {
    "study_group": 27,
    "discipline": 7
  }
},
{
  "model": "webapp.journalnote",
  "pk": 1,
  "fields": {
    "group_journal": 4,
    "date": "2020-03-02",
    "theme": "test1",
    "created_by": 20
  }
},
{
  "model": "webapp.journalnote",
  "pk": 2,
  "fields": {
    "group_journal": 4,
    "date": "2020-03-02",
    "theme": "test2",
    "created_by": 20
  }
},
{
  "model": "webapp.journalnote",
  "pk": 3,
  "fields": {
    "group_journal": 4,
    "date": "2020-03-03",
    "theme": "test3",
    "created_by": 20
  }
},
{
  "model": "webapp.journalnote",
  "pk": 4,
  "fields": {
    "group_journal": 4,
    "date": "2020-03-03",
    "theme": "test4",
    "created_by": 20
  }
},
{
  "model": "webapp.journalnote",
  "pk": 5,
  "fields": {
    "group_journal": 4,
    "date": "2020-03-03",
    "theme": "test5",
    "created_by": 20
  }
},
{
  "model": "webapp.journalnote",
  "pk": 6,
  "fields": {
    "group_journal": 4,
    "date": "2020-03-03",
    "theme": "test6",
    "created_by": 20
  }
},
{
  "model": "webapp.journalnote",
  "pk": 7,
  "fields": {
    "group_journal": 4,
    "date": "2020-03-03",
    "theme": "test7",
    "created_by": 20
  }
},
{
  "model": "webapp.journalnote",
  "pk": 8,
  "fields": {
    "group_journal": 4,
    "date": "2020-03-03",
    "theme": "test8",
    "created_by": 20
  }
},
{
  "model": "webapp.journalnote",
  "pk": 9,
  "fields": {
    "group_journal": 4,
    "date": "2020-03-03",
    "theme": "test9",
    "created_by": 20
  }
},
{
  "model": "webapp.journalnote",
  "pk": 10,
  "fields": {
    "group_journal": 4,
    "date": "2020-03-03",
    "theme": "test10",
    "created_by": 20
  }
},
{
  "model": "webapp.journalnote",
  "pk": 11,
  "fields": {
    "group_journal": 1,
    "date": "2020-03-03",
    "theme": "test10",
    "created_by": 20
  }
},
{
  "model": "webapp.journalnote",
  "pk": 12,
  "fields": {
    "group_journal": 4,
    "date": "2020-03-05",
    "theme": "Test20",
    "created_by": 20
  }
},
{
  "model": "webapp.journalnote",
  "pk": 13,
  "fields": {
    "group_journal": 4,
    "date": "2020-03-05",
    "theme": "test30",
    "created_by": 20
  }
},
{
  "model": "webapp.journalnote",
  "pk": 14,
  "fields": {
    "group_journal": 4,
    "date": "2020-03-05",
    "theme": "test55",
    "created_by": 20
  }
},
{
  "model": "webapp.journalnote",
  "pk": 15,
  "fields": {
    "group_journal": 3,
    "date": "2020-03-07",
    "theme": "test35",
    "created_by": 20
  }
},
{
  "model": "webapp.journalnote",
  "pk": 16,
  "fields": {
    "group_journal": 3,
    "date": "2020-03-07",
    "theme": "test45",
    "created_by": 20
  }
},
{
  "model": "webapp.journalnote",
  "pk": 17,
  "fields": {
    "group_journal": 3,
    "date": "2020-03-07",
    "theme": "test45",
    "created_by": 20
  }
},
{
  "model": "webapp.journalnote",
  "pk": 18,
  "fields": {
    "group_journal": 3,
    "date": "2020-03-07",
    "theme": "tes77",
    "created_by": 20
  }
},
{
  "model": "webapp.journalnote",
  "pk": 19,
  "fields": {
    "group_journal": 3,
    "date": "2020-03-07",
    "theme": "test66",
    "created_by": 20
  }
},
{
  "model": "webapp.journalnote",
  "pk": 20,
  "fields": {
    "group_journal": 4,
    "date": "2020-03-09",
    "theme": "test65",
    "created_by": 20
  }
},
{
  "model": "webapp.journalnote",
  "pk": 22,
  "fields": {
    "group_journal": 3,
    "date": "2020-03-09",
    "theme": "tes101",
    "created_by": 20
  }
},
{
  "model": "webapp.journalnote",
  "pk": 23,
  "fields": {
    "group_journal": 17,
    "date": "2020-03-17",
    "theme": "\u0417\u0430\u043d\u044f\u0442\u0438\u0435 1",
    "created_by": 20
  }
},
{
  "model": "webapp.journalnote",
  "pk": 24,
  "fields": {
    "group_journal": 17,
    "date": "2020-03-17",
    "theme": "\u0417\u0430\u043d\u044f\u0442\u0438\u0435 2",
    "created_by": 20
  }
},
{
  "model": "webapp.journalnote",
  "pk": 25,
  "fields": {
    "group_journal": 17,
    "date": "2020-03-17",
    "theme": "\u0417\u0430\u043d\u044f\u0442\u0438\u0435 3",
    "created_by": 20
  }
},
{
  "model": "webapp.journalnote",
  "pk": 26,
  "fields": {
    "group_journal": 17,
    "date": "2020-03-17",
    "theme": "\u0417\u0430\u043d\u044f\u0442\u0438\u0435 4",
    "created_by": 20
  }
},
{
  "model": "webapp.journalnote",
  "pk": 27,
  "fields": {
    "group_journal": 17,
    "date": "2020-03-17",
    "theme": "\u0417\u0430\u043d\u044f\u0442\u0438\u0435 5",
    "created_by": 20
  }
},
{
  "model": "webapp.journalnote",
  "pk": 28,
  "fields": {
    "group_journal": 17,
    "date": "2020-03-17",
    "theme": "\u0417\u0430\u043d\u044f\u0442\u0438\u0435 6",
    "created_by": 20
  }
},
{
  "model": "webapp.journalnote",
  "pk": 29,
  "fields": {
    "group_journal": 16,
    "date": "2020-03-17",
    "theme": "\u0417\u0430\u043d\u044f\u0442\u0438\u0435 1",
    "created_by": 20
  }
},
{
  "model": "webapp.journalnote",
  "pk": 30,
  "fields": {
    "group_journal": 16,
    "date": "2020-03-17",
    "theme": "\u0417\u0430\u043d\u044f\u0442\u0438\u0435 2",
    "created_by": 20
  }
},
{
  "model": "webapp.journalnote",
  "pk": 31,
  "fields": {
    "group_journal": 16,
    "date": "2020-03-17",
    "theme": "\u0417\u0430\u043d\u044f\u0442\u0438\u0435 3",
    "created_by": 20
  }
},
{
  "model": "webapp.journalnote",
  "pk": 32,
  "fields": {
    "group_journal": 16,
    "date": "2020-03-17",
    "theme": "\u0417\u0430\u043d\u044f\u0442\u0438\u0435 4",
    "created_by": 20
  }
},
{
  "model": "webapp.journalnote",
  "pk": 33,
  "fields": {
    "group_journal": 3,
    "date": "2020-03-17",
    "theme": "\u0417\u0430\u043d\u044f\u0442\u0438\u0435 2",
    "created_by": 20
  }
},
{
  "model": "webapp.journalnote",
  "pk": 34,
  "fields": {
    "group_journal": 3,
    "date": "2020-03-17",
    "theme": "\u0417\u0430\u043d\u044f\u0442\u0438\u0435 3",
    "created_by": 20
  }
},
{
  "model": "webapp.journalnote",
  "pk": 35,
  "fields": {
    "group_journal": 3,
    "date": "2020-03-17",
    "theme": "\u0417\u0430\u043d\u044f\u0442\u0438\u0435 5",
    "created_by": 20
  }
},
{
  "model": "webapp.journalgrade",
  "pk": 135,
  "fields": {
    "journal_note": 15,
    "grade": 7,
    "student": 29,
    "created_by": 20,
    "date": "2020-03-07",
    "description": null
  }
},
{
  "model": "webapp.journalgrade",
  "pk": 136,
  "fields": {
    "journal_note": 15,
    "grade": 5,
    "student": 28,
    "created_by": 20,
    "date": "2020-03-07",
    "description": null
  }
},
{
  "model": "webapp.journalgrade",
  "pk": 137,
  "fields": {
    "journal_note": 15,
    "grade": 5,
    "student": 27,
    "created_by": 20,
    "date": "2020-03-07",
    "description": null
  }
},
{
  "model": "webapp.journalgrade",
  "pk": 138,
  "fields": {
    "journal_note": 15,
    "grade": 2,
    "student": 26,
    "created_by": 20,
    "date": "2020-03-07",
    "description": null
  }
},
{
  "model": "webapp.journalgrade",
  "pk": 139,
  "fields": {
    "journal_note": 16,
    "grade": 5,
    "student": 28,
    "created_by": 20,
    "date": "2020-03-07",
    "description": null
  }
},
{
  "model": "webapp.journalgrade",
  "pk": 140,
  "fields": {
    "journal_note": 16,
    "grade": 2,
    "student": 27,
    "created_by": 20,
    "date": "2020-03-07",
    "description": null
  }
},
{
  "model": "webapp.journalgrade",
  "pk": 141,
  "fields": {
    "journal_note": 16,
    "grade": 3,
    "student": 29,
    "created_by": 20,
    "date": "2020-03-07",
    "description": null
  }
},
{
  "model": "webapp.journalgrade",
  "pk": 142,
  "fields": {
    "journal_note": 16,
    "grade": 5,
    "student": 22,
    "created_by": 20,
    "date": "2020-03-07",
    "description": null
  }
},
{
  "model": "webapp.journalgrade",
  "pk": 143,
  "fields": {
    "journal_note": 1,
    "grade": 5,
    "student": 29,
    "created_by": 20,
    "date": "2020-03-07",
    "description": null
  }
},
{
  "model": "webapp.journalgrade",
  "pk": 144,
  "fields": {
    "journal_note": 2,
    "grade": 2,
    "student": 29,
    "created_by": 20,
    "date": "2020-03-09",
    "description": null
  }
},
{
  "model": "webapp.journalgrade",
  "pk": 145,
  "fields": {
    "journal_note": 3,
    "grade": 4,
    "student": 29,
    "created_by": 20,
    "date": "2020-03-09",
    "description": null
  }
},
{
  "model": "webapp.journalgrade",
  "pk": 146,
  "fields": {
    "journal_note": 4,
    "grade": 5,
    "student": 29,
    "created_by": 20,
    "date": "2020-03-09",
    "description": null
  }
},
{
  "model": "webapp.journalgrade",
  "pk": 147,
  "fields": {
    "journal_note": 1,
    "grade": 5,
    "student": 26,
    "created_by": 20,
    "date": "2020-03-09",
    "description": null
  }
},
{
  "model": "webapp.journalgrade",
  "pk": 148,
  "fields": {
    "journal_note": 1,
    "grade": 7,
    "student": 28,
    "created_by": 20,
    "date": "2020-03-09",
    "description": null
  }
},
{
  "model": "webapp.journalgrade",
  "pk": 149,
  "fields": {
    "journal_note": 5,
    "grade": 5,
    "student": 29,
    "created_by": 20,
    "date": "2020-03-09",
    "description": null
  }
},
{
  "model": "webapp.journalgrade",
  "pk": 150,
  "fields": {
    "journal_note": 20,
    "grade": 7,
    "student": 29,
    "created_by": 20,
    "date": "2020-03-09",
    "description": null
  }
},
{
  "model": "webapp.journalgrade",
  "pk": 151,
  "fields": {
    "journal_note": 16,
    "grade": 7,
    "student": 25,
    "created_by": 20,
    "date": "2020-03-17",
    "description": null
  }
},
{
  "model": "webapp.journalgrade",
  "pk": 152,
  "fields": {
    "journal_note": 17,
    "grade": 7,
    "student": 28,
    "created_by": 20,
    "date": "2020-03-17",
    "description": null
  }
},
{
  "model": "webapp.journalgrade",
  "pk": 153,
  "fields": {
    "journal_note": 18,
    "grade": 5,
    "student": 29,
    "created_by": 20,
    "date": "2020-03-17",
    "description": null
  }
},
{
  "model": "webapp.journalgrade",
  "pk": 154,
  "fields": {
    "journal_note": 18,
    "grade": 3,
    "student": 27,
    "created_by": 20,
    "date": "2020-03-17",
    "description": null
  }
},
{
  "model": "webapp.journalgrade",
  "pk": 155,
  "fields": {
    "journal_note": 15,
    "grade": 5,
    "student": 21,
    "created_by": 20,
    "date": "2020-03-17",
    "description": null
  }
},
{
  "model": "webapp.journalgrade",
  "pk": 156,
  "fields": {
    "journal_note": 18,
    "grade": 7,
    "student": 28,
    "created_by": 20,
    "date": "2020-03-17",
    "description": null
  }
},
{
  "model": "webapp.journalgrade",
  "pk": 157,
  "fields": {
    "journal_note": 19,
    "grade": 4,
    "student": 23,
    "created_by": 20,
    "date": "2020-03-17",
    "description": null
  }
},
{
  "model": "webapp.journalgrade",
  "pk": 158,
  "fields": {
    "journal_note": 17,
    "grade": 2,
    "student": 23,
    "created_by": 20,
    "date": "2020-03-17",
    "description": null
  }
},
{
  "model": "webapp.journalgrade",
  "pk": 159,
  "fields": {
    "journal_note": 18,
    "grade": 3,
    "student": 22,
    "created_by": 20,
    "date": "2020-03-17",
    "description": null
  }
},
{
  "model": "webapp.journalgrade",
  "pk": 160,
  "fields": {
    "journal_note": 15,
    "grade": 3,
    "student": 23,
    "created_by": 20,
    "date": "2020-03-17",
    "description": null
  }
},
{
  "model": "webapp.journalgrade",
  "pk": 161,
  "fields": {
    "journal_note": 19,
    "grade": 5,
    "student": 28,
    "created_by": 20,
    "date": "2020-03-17",
    "description": null
  }
},
{
  "model": "webapp.journalgrade",
  "pk": 162,
  "fields": {
    "journal_note": 6,
    "grade": 5,
    "student": 24,
    "created_by": 20,
    "date": "2020-03-17",
    "description": null
  }
},
{
  "model": "webapp.journalgrade",
  "pk": 163,
  "fields": {
    "journal_note": 3,
    "grade": 2,
    "student": 25,
    "created_by": 20,
    "date": "2020-03-17",
    "description": null
  }
},
{
  "model": "webapp.journalgrade",
  "pk": 164,
  "fields": {
    "journal_note": 2,
    "grade": 7,
    "student": 28,
    "created_by": 20,
    "date": "2020-03-17",
    "description": null
  }
},
{
  "model": "webapp.journalgrade",
  "pk": 165,
  "fields": {
    "journal_note": 1,
    "grade": 5,
    "student": 21,
    "created_by": 20,
    "date": "2020-03-17",
    "description": "+++"
  }
},
{
  "model": "webapp.journalgrade",
  "pk": 166,
  "fields": {
    "journal_note": 19,
    "grade": 5,
    "student": 27,
    "created_by": 20,
    "date": "2020-03-17",
    "description": null
  }
},
{
  "model": "webapp.journalgrade",
  "pk": 167,
  "fields": {
    "journal_note": 18,
    "grade": 7,
    "student": 23,
    "created_by": 20,
    "date": "2020-03-17",
    "description": null
  }
},
{
  "model": "webapp.journalgrade",
  "pk": 168,
  "fields": {
    "journal_note": 23,
    "grade": 5,
    "student": 29,
    "created_by": 20,
    "date": "2020-03-17",
    "description": null
  }
},
{
  "model": "webapp.journalgrade",
  "pk": 169,
  "fields": {
    "journal_note": 24,
    "grade": 7,
    "student": 29,
    "created_by": 20,
    "date": "2020-03-17",
    "description": "\u0431\u043e\u043b\u0435\u043d"
  }
},
{
  "model": "webapp.journalgrade",
  "pk": 170,
  "fields": {
    "journal_note": 24,
    "grade": 2,
    "student": 28,
    "created_by": 20,
    "date": "2020-03-17",
    "description": null
  }
},
{
  "model": "webapp.journalgrade",
  "pk": 171,
  "fields": {
    "journal_note": 25,
    "grade": 3,
    "student": 27,
    "created_by": 20,
    "date": "2020-03-17",
    "description": null
  }
},
{
  "model": "webapp.journalgrade",
  "pk": 172,
  "fields": {
    "journal_note": 23,
    "grade": 4,
    "student": 23,
    "created_by": 20,
    "date": "2020-03-17",
    "description": null
  }
},
{
  "model": "webapp.journalgrade",
  "pk": 173,
  "fields": {
    "journal_note": 26,
    "grade": 5,
    "student": 27,
    "created_by": 20,
    "date": "2020-03-17",
    "description": null
  }
},
{
  "model": "webapp.journalgrade",
  "pk": 174,
  "fields": {
    "journal_note": 33,
    "grade": 5,
    "student": 26,
    "created_by": 20,
    "date": "2020-03-17",
    "description": null
  }
},
{
  "model": "webapp.journalgrade",
  "pk": 175,
  "fields": {
    "journal_note": 33,
    "grade": 2,
    "student": 25,
    "created_by": 20,
    "date": "2020-03-17",
    "description": null
  }
}
]
